episode,step,x,y,reward,loss,coverage_rate,total_cover,collision
1,1,0.0002918966140334996,3.470118217633841e-21,-100.0,nan,0.00043402777777777775,1,False
1,2,0.0005886286722834613,6.669843509225794e-21,-100.0,nan,0.00043402777777777775,1,False
1,3,0.0008899821544456495,6.795649254878388e-21,-100.0,nan,0.00043402777777777775,1,False
1,4,0.0011957257406585249,-5.2880374571849124e-21,11.0,nan,0.0008680555555555555,2,False
1,5,0.001505609889450884,-1.85327806105998e-20,-100.0,nan,0.0008680555555555555,2,False
1,6,0.0015301016961554836,-2.6283070949533515e-20,-100.0,nan,0.0008680555555555555,2,False
1,7,0.0015545545205990113,-3.295844806893946e-20,-100.0,nan,0.0008680555555555555,2,False
1,8,0.0030978198701191693,-7.907923868637335e-16,-100.0,nan,0.0008680555555555555,2,False
1,9,0.003297575355254204,-0.0021152002399965667,-100.0,nan,0.0008680555555555555,2,False
1,10,0.003663169521976804,-0.004972764822200047,-100.0,nan,0.0008680555555555555,2,False
1,11,0.003995144933127979,-0.00783661375509134,-100.0,nan,0.0008680555555555555,2,False
1,12,0.004184425918879796,-0.010711602007648159,-100.0,nan,0.0008680555555555555,2,False
1,13,0.004243932664069083,-0.01359580832749948,-100.0,nan,0.0008680555555555555,2,False
1,14,0.004309484395481874,-0.016471746851106157,-100.0,nan,0.0008680555555555555,2,False
1,15,0.0044096834382692076,-0.01743187638335329,-100.0,nan,0.0008680555555555555,2,False
1,16,0.003968131651628587,-0.015477386299291787,-100.0,nan,0.0008680555555555555,2,False
1,17,0.003546365971013859,-0.013553608421346685,-100.0,nan,0.0008680555555555555,2,False
1,18,0.0035540852231159556,-0.01313541517053944,-100.0,nan,0.0008680555555555555,2,False
1,19,0.0039696752716951444,-0.01312084139354583,-100.0,nan,0.0008680555555555555,2,False
1,20,0.004252406715969547,-0.013175848907425059,-100.0,nan,0.0008680555555555555,2,False
1,21,0.004131797436810088,-0.01309492015264253,-100.0,nan,0.0008680555555555555,2,False
1,22,0.004026103134114728,-0.013271661887985012,-100.0,nan,0.0008680555555555555,2,False
1,23,0.003942357358960555,-0.013172779650298116,-100.0,nan,0.0008680555555555555,2,False
1,24,0.0038383681939833294,-0.013250738995328063,-100.0,nan,0.0008680555555555555,2,False
1,25,0.0037112062887543233,-0.013145786620961112,-100.0,nan,0.0008680555555555555,2,False
1,26,0.003615698507573113,-0.013251809523458427,-100.0,nan,0.0008680555555555555,2,False
1,27,0.0034494512785266805,-0.01324969571151756,-100.0,nan,0.0008680555555555555,2,False
1,28,0.0028122955915345403,-0.013703181344117028,-100.0,nan,0.0008680555555555555,2,False
1,29,0.002699215044260432,-0.013685623402560715,-100.0,nan,0.0008680555555555555,2,False
1,30,0.002662681746329381,-0.013746175369758659,-100.0,nan,0.0008680555555555555,2,False
1,31,0.002680693969270712,-0.013715950734588785,-100.0,nan,0.0008680555555555555,2,False
1,32,0.002637604147008716,-0.013808766984434182,-100.0,nan,0.0008680555555555555,2,False
1,33,0.0026313118133959017,-0.013791991026920924,-100.0,nan,0.0008680555555555555,2,False
1,34,0.002940665014239584,-0.012806574852287748,-100.0,nan,0.0008680555555555555,2,False
1,35,0.002649235292351661,-0.011270764457105724,-100.0,nan,0.0008680555555555555,2,False
1,36,0.003404699736968951,-0.008576893608619943,-100.0,nan,0.0008680555555555555,2,False
1,37,0.0058945100466527124,-0.004522701539034095,-100.0,nan,0.0008680555555555555,2,False
1,38,0.009947036601748597,0.0006966978261934093,-100.0,nan,0.0008680555555555555,2,False
1,39,0.015335710232159808,0.007062130349276302,-100.0,nan,0.0008680555555555555,2,False
1,40,0.0225070622327871,0.014909309524327296,-100.0,nan,0.0008680555555555555,2,False
1,41,0.030424103718720168,0.023509137733188218,-100.0,nan,0.0008680555555555555,2,False
1,42,0.03950964179000203,0.03333321619769998,-100.0,nan,0.0008680555555555555,2,False
1,43,0.04965152464525354,0.04461953962317573,-100.0,nan,0.0008680555555555555,2,False
1,44,0.0601825135489442,0.05680133757161575,-100.0,nan,0.0008680555555555555,2,False
1,45,0.07126326322177351,0.07082045106025123,-100.0,nan,0.0008680555555555555,2,False
1,46,0.08246511359407042,0.0866152233863358,-100.0,nan,0.0008680555555555555,2,False
1,47,0.09344127135480275,0.10363518979543898,-100.0,nan,0.0008680555555555555,2,False
1,48,0.1039832457784943,0.12239296417698675,-100.0,nan,0.0008680555555555555,2,False
1,49,0.11408626342207019,0.142348648430974,-100.0,nan,0.0008680555555555555,2,False
1,50,0.12365682106548596,0.16374230555496924,-100.0,nan,0.0008680555555555555,2,False
1,51,0.1328098999629569,0.18685158151708597,-100.0,nan,0.0008680555555555555,2,False
1,52,0.1416639998094684,0.21142324786813985,-100.0,nan,0.0008680555555555555,2,False
1,53,0.15022379193795798,0.23769400915171504,-100.0,nan,0.0008680555555555555,2,False
1,54,0.15862201731522937,0.2651063963153241,-100.0,nan,0.0008680555555555555,2,False
1,55,0.16695632221038326,0.29345775215377223,-100.0,nan,0.0008680555555555555,2,False
1,56,0.17530555090597444,0.32272944014964994,-100.0,nan,0.0008680555555555555,2,False
1,57,0.18365302401576056,0.35200372568567856,-100.0,nan,0.0008680555555555555,2,False
1,58,0.19199603317048722,0.38127136108206644,-100.0,nan,0.0008680555555555555,2,False
1,59,0.20035164344815054,0.4105666134634983,-100.0,nan,0.0008680555555555555,2,False
1,60,0.20869146600371066,0.43981955263480854,-100.0,nan,0.0008680555555555555,2,False
1,61,0.21704693585175344,0.46910480001739047,-100.0,nan,0.0008680555555555555,2,False
1,62,0.2253954755067716,0.4983770141006169,-100.0,nan,0.0008680555555555555,2,False
1,63,0.23372774781616892,0.5275318769208738,11.0,nan,0.0013020833333333333,3,False
1,64,0.24201863964066586,0.5567220403072054,-100.0,nan,0.0013020833333333333,3,False
1,65,0.2503338839294295,0.586005244408377,-100.0,nan,0.0013020833333333333,3,False
1,66,0.25864388840502883,0.6152666943775271,-100.0,nan,0.0013020833333333333,3,False
1,67,0.2669690021530767,0.6445696131185956,-100.0,nan,0.0013020833333333333,3,False
1,68,0.27528832168227957,0.673845552737076,-100.0,nan,0.0013020833333333333,3,False
1,69,0.2835956556773736,0.7031045027637051,-100.0,nan,0.0013020833333333333,3,False
1,70,0.29192560437929616,0.7324027560516259,-100.0,nan,0.0013020833333333333,3,False
1,71,0.3002390740465076,0.7616552504234816,-100.0,nan,0.0013020833333333333,3,False
1,72,0.30856892361239774,0.7909423397618459,-100.0,nan,0.0013020833333333333,3,False
1,73,0.3168918080674719,0.8202198418274284,-100.0,nan,0.0013020833333333333,3,False
1,74,0.32517822197076884,0.8493218265288911,-100.0,nan,0.0013020833333333333,3,False
1,75,0.333471426858856,0.8785590022036863,-100.0,nan,0.0013020833333333333,3,False
1,76,0.3417800613278643,0.9078537938588913,-100.0,nan,0.0013020833333333333,3,False
1,77,0.3500832926900255,0.9371182199946299,-100.0,nan,0.0013020833333333333,3,False
1,78,0.35840309461358033,0.9664299111826256,-100.0,nan,0.0013020833333333333,3,False
1,79,0.3667169111692043,0.9957144430479714,-100.0,nan,0.0013020833333333333,3,False
1,80,0.37502878966558006,1.0249943227145908,11.0,nan,0.001736111111111111,4,False
1,81,0.3833518338986851,1.0542975766086984,-100.0,nan,0.001736111111111111,4,False
1,82,0.39165664358275204,1.0835492119836703,-100.0,nan,0.001736111111111111,4,False
1,83,0.39996243172834367,1.1127310062264177,-100.0,nan,0.001736111111111111,4,False
1,84,0.4082893863760629,1.142014229946161,-100.0,nan,0.001736111111111111,4,False
1,85,0.4166106367319899,1.171266782031171,-100.0,nan,0.001736111111111111,4,False
1,86,0.4249481300175542,1.2005673785306632,-100.0,nan,0.001736111111111111,4,False
1,87,0.4332717826117896,1.2298208021611914,-100.0,nan,0.001736111111111111,4,False
1,88,0.4415888128124746,1.258881169660189,-100.0,nan,0.001736111111111111,4,False
1,89,0.45012194078446494,1.2879295799399135,-100.0,nan,0.001736111111111111,4,False
1,90,0.4589880865441632,1.3166927276477625,-100.0,nan,0.001736111111111111,4,False
1,91,0.4687718134314902,1.345097007845471,-100.0,nan,0.001736111111111111,4,False
1,92,0.4797725160579428,1.3732783722894684,-100.0,nan,0.001736111111111111,4,False
1,93,0.49191498073358786,1.4010023414095294,-100.0,nan,0.001736111111111111,4,False
1,94,0.5051800041308067,1.4281921865626708,11.0,nan,0.002170138888888889,5,False
1,95,0.5198030158070194,1.455448090863967,-100.0,nan,0.002170138888888889,5,False
1,96,0.5356065088523544,1.482509047427437,-100.0,nan,0.002170138888888889,5,False
1,97,0.5527130758802582,1.508692506601805,11.0,nan,0.0026041666666666665,6,False
1,98,0.5702448624635647,1.5343217831392617,-100.0,nan,0.0026041666666666665,6,False
1,99,0.5881151126714167,1.5591191203005463,-100.0,nan,0.0026041666666666665,6,False
1,100,0.6065906335847944,1.583082327264928,-100.0,nan,0.0026041666666666665,6,False
1,101,0.6256995427566456,1.6066307813527927,-100.0,nan,0.0026041666666666665,6,False
1,102,0.6449391073507326,1.63023359224158,-100.0,nan,0.0026041666666666665,6,False
1,103,0.6641712610811745,1.6538159032928197,-100.0,nan,0.0026041666666666665,6,False
1,104,0.6833499240888805,1.6773460623404561,-100.0,nan,0.0026041666666666665,6,False
1,105,0.7025801730180377,1.7009388861050136,-100.0,nan,0.0026041666666666665,6,False
1,106,0.7218162678502299,1.7245252785656235,-100.0,nan,0.0026041666666666665,6,False
1,107,0.741050004859152,1.7481334106506243,-100.0,nan,0.0026041666666666665,6,False
1,108,0.7602877322945262,1.7717224955411215,-100.0,nan,0.0026041666666666665,6,False
1,109,0.7795119285288296,1.7953002181817235,-100.0,nan,0.0026041666666666665,6,False
1,110,0.7987057715699997,1.8188467000138937,-100.0,nan,0.0026041666666666665,6,False
1,111,0.81794934269097,1.8424390315328119,-100.0,nan,0.0026041666666666665,6,False
1,112,0.8371838828793505,1.8660263744467074,-100.0,nan,0.0026041666666666665,6,False
1,113,0.8564226498590852,1.8896329156520046,-100.0,nan,0.0026041666666666665,6,False
1,114,0.8756617591522101,1.9132151975489196,-100.0,nan,0.0026041666666666665,6,False
1,115,0.8948418722120689,1.936737535744314,-100.0,nan,0.0026041666666666665,6,False
1,116,0.9140807876446583,1.9603301360359184,-100.0,nan,0.0026041666666666665,6,False
1,117,0.9333248601783277,1.9839151404831512,-100.0,nan,0.0026041666666666665,6,False
1,118,0.9525737412330697,2.007517670656375,11.0,nan,0.0030381944444444445,7,False
1,119,0.9718108909337393,2.031095530047894,-100.0,nan,0.0030381944444444445,7,False
1,120,0.9910540963262793,2.0546839498906095,-100.0,nan,0.0030381944444444445,7,False
1,121,1.0102339291198983,2.0782049014602286,11.0,nan,0.003472222222222222,8,False
1,122,1.0295718298218066,2.1018922844373256,-100.0,nan,0.003472222222222222,8,False
1,123,1.049161997710084,2.1256184792980624,-100.0,nan,0.003472222222222222,8,False
1,124,1.0695403587599948,2.148998093991933,-100.0,nan,0.003472222222222222,8,False
1,125,1.090732427718813,2.171598239048144,-100.0,nan,0.003472222222222222,8,False
1,126,1.113165734066943,2.1932424802372754,-100.0,nan,0.003472222222222222,8,False
1,127,1.1367115943684918,2.213895737399197,-100.0,nan,0.003472222222222222,8,False
1,128,1.160767452501351,2.233966455970242,-100.0,nan,0.003472222222222222,8,False
1,129,1.1850286363132787,2.2533438375508577,-100.0,nan,0.003472222222222222,8,False
1,130,1.2098626943282875,2.271537854385288,-100.0,nan,0.003472222222222222,8,False
1,131,1.2347148583451606,2.2891020512338747,-100.0,nan,0.003472222222222222,8,False
1,132,1.2596945499158618,2.3066715563658517,-100.0,nan,0.003472222222222222,8,False
1,133,1.2844361496562928,2.324364212408413,-100.0,nan,0.003472222222222222,8,False
1,134,1.3088170567854807,2.342415612326327,-100.0,nan,0.003472222222222222,8,False
1,135,1.331959075199191,2.361466872731603,-100.0,nan,0.003472222222222222,8,False
1,136,1.3546899992091397,2.3815200356163446,-100.0,nan,0.003472222222222222,8,False
1,137,1.376637317766198,2.4027650045213784,-100.0,nan,0.003472222222222222,8,False
1,138,1.397252431947156,2.4246295628824233,-100.0,nan,0.003472222222222222,8,False
1,139,1.4170107416056164,2.4467525789702154,-100.0,nan,0.003472222222222222,8,False
1,140,1.4362124553146876,2.469267124558571,-100.0,nan,0.003472222222222222,8,False
1,141,1.4548201695250105,2.4927391917707573,-100.0,nan,0.003472222222222222,8,False
1,142,1.4731618683166643,2.5169269637781317,11.0,nan,0.00390625,9,False
1,143,1.4914250411981484,2.5411548520781735,-100.0,nan,0.00390625,9,False
1,144,1.5097343857408858,2.5654556082109377,11.0,nan,0.004340277777777778,10,False
1,145,1.528062543297091,2.589772349814974,-100.0,nan,0.004340277777777778,10,False
1,146,1.54638875843537,2.6140739916143656,-100.0,nan,0.004340277777777778,10,False
1,147,1.5647081074857272,2.63838738928227,-100.0,nan,0.004340277777777778,10,False
1,148,1.5830307069173841,2.6626888825660133,-100.0,nan,0.004340277777777778,10,False
1,149,1.601273190223634,2.6868797704415326,-100.0,nan,0.004340277777777778,10,False
1,150,1.619802844580516,2.711499555169558,-100.0,nan,0.004340277777777778,10,False
1,151,1.6386267792230922,2.736172469821182,-100.0,nan,0.004340277777777778,10,False
1,152,1.6579918810500314,2.7602507109859316,-100.0,nan,0.004340277777777778,10,False
1,153,1.6780087756339845,2.7831849325879525,-100.0,nan,0.004340277777777778,10,False
1,154,1.698911739807842,2.8051261685105895,-100.0,nan,0.004340277777777778,10,False
1,155,1.7209014028665415,2.8263862216962847,-100.0,nan,0.004340277777777778,10,False
1,156,1.7439070587747574,2.8473653315956464,-100.0,nan,0.004340277777777778,10,False
1,157,1.7670524677734907,2.8673260735734605,-100.0,nan,0.004340277777777778,10,False
1,158,1.7905366525280724,2.8866108978809115,-100.0,nan,0.004340277777777778,10,False
1,159,1.8147362336203046,2.905068423362053,-100.0,nan,0.004340277777777778,10,False
1,160,1.839275685055564,2.923020824249181,-100.0,nan,0.004340277777777778,10,False
1,161,1.8637898650502938,2.940954821858909,-100.0,nan,0.004340277777777778,10,False
1,162,1.8883257460606866,2.958865982386329,-100.0,nan,0.004340277777777778,10,False
1,163,1.912927383462537,2.976823008650116,-100.0,nan,0.004340277777777778,10,False
1,164,1.9374939862229765,2.99476521585034,-100.0,nan,0.004340277777777778,10,False
1,165,1.9620754454765446,3.0127127963044242,11.0,nan,0.004774305555555556,11,False
1,166,1.9866566363350753,3.03066980351018,-100.0,nan,0.004774305555555556,11,False
1,167,2.011211495804369,3.0486117889056707,11.0,nan,0.005208333333333333,12,False
1,168,2.035746877034166,3.0665288957568593,-100.0,nan,0.005208333333333333,12,False
1,169,2.0603238011190004,3.084468196011496,-100.0,nan,0.005208333333333333,12,False
1,170,2.0848996691463335,3.102412126796858,-100.0,nan,0.005208333333333333,12,False
1,171,2.109460767771853,3.1203348881512842,-100.0,nan,0.005208333333333333,12,False
1,172,2.1340383719006235,3.138272907259496,-100.0,nan,0.005208333333333333,12,False
1,173,2.1586280529401956,3.1562185828218188,-100.0,nan,0.005208333333333333,12,False
1,174,2.1832087200600685,3.1741567823145767,-100.0,nan,0.005208333333333333,12,False
1,175,2.2077813818009524,3.192097341645541,-100.0,nan,0.005208333333333333,12,False
1,176,2.2323577233801664,3.210036750487321,-100.0,nan,0.005208333333333333,12,False
1,177,2.2569488067381105,3.227998604798321,-100.0,nan,0.005208333333333333,12,False
1,178,2.281510627351849,3.2459377011968567,-100.0,nan,0.005208333333333333,12,False
1,179,2.306094787177592,3.263889601748752,-100.0,nan,0.005208333333333333,12,False
1,180,2.3306578072247346,3.281832167808461,-100.0,nan,0.005208333333333333,12,False
1,181,2.3552305978367283,3.2997938413193455,-100.0,nan,0.005208333333333333,12,False
1,182,2.3798249857858162,3.317759678841868,-100.0,nan,0.005208333333333333,12,False
1,183,2.404393722614722,3.33570620889032,-100.0,nan,0.005208333333333333,12,False
1,184,2.4287400781202044,3.353494810380141,-100.0,nan,0.005208333333333333,12,False
1,185,2.4529631264045983,3.37109783347842,-100.0,nan,0.005208333333333333,12,False
1,186,2.4777929425413254,3.3881036660928032,-100.0,nan,0.005208333333333333,12,False
1,187,2.5034347802023804,3.4040430394473606,11.0,nan,0.005642361111111111,13,False
1,188,2.529705536310516,3.4188666151064466,-100.0,nan,0.005642361111111111,13,False
1,189,2.5565824629376315,3.432616074928754,-100.0,nan,0.005642361111111111,13,False
1,190,2.5840184918067157,3.4453742239697176,-100.0,nan,0.005642361111111111,13,False
1,191,2.6120056064925943,3.4574993699413312,-100.0,nan,0.005642361111111111,13,False
1,192,2.6410086314583454,3.468409188298428,-100.0,nan,0.005642361111111111,13,False
1,193,2.670395296336296,3.478699354235711,-100.0,nan,0.005642361111111111,13,False
1,194,2.7005736874739723,3.487771564877346,-100.0,nan,0.005642361111111111,13,False
1,195,2.730810971790777,3.4958956675420385,-100.0,nan,0.005642361111111111,13,False
1,196,2.7609589921334776,3.5031434870261124,11.0,nan,0.006076388888888889,14,False
1,197,2.7907046302985985,3.5101135753604513,-100.0,nan,0.006076388888888889,14,False
1,198,2.8203110768755524,3.517026831169595,-100.0,nan,0.006076388888888889,14,False
1,199,2.84996366503512,3.5239521500142095,-100.0,nan,0.006076388888888889,14,False
1,200,2.8795927024545174,3.5308689273685974,-100.0,nan,0.006076388888888889,14,False
1,201,2.9092410790878835,3.5377895040087073,-100.0,nan,0.006076388888888889,14,False
1,202,2.9388840174989403,3.5447130237781916,-100.0,nan,0.006076388888888889,14,False
1,203,2.968504441543263,3.5516251430227284,-100.0,nan,0.006076388888888889,14,False
1,204,2.9981455720033576,3.5585498363953145,-100.0,nan,0.006076388888888889,14,False
1,205,3.0273859117538287,3.5654068401499686,11.0,nan,0.006510416666666667,15,False
1,206,3.056813491913577,3.57229159681721,-100.0,nan,0.006510416666666667,15,False
1,207,3.0862936930932103,3.5790871654911007,-100.0,nan,0.006510416666666667,15,False
1,208,3.1159516343662736,3.5857338700216346,-100.0,nan,0.006510416666666667,15,False
1,209,3.145986465057807,3.5917840854157457,-100.0,nan,0.006510416666666667,15,False
1,210,3.1765549186832502,3.596885775554763,-100.0,nan,0.006510416666666667,15,False
1,211,3.207700696405917,3.6005960013092007,-100.0,nan,0.006510416666666667,15,False
1,212,3.238891636250087,3.603211765702533,-100.0,nan,0.006510416666666667,15,False
1,213,3.2695041298816214,3.6046791697823086,-100.0,nan,0.006510416666666667,15,False
1,214,3.299340387216321,3.6048894719324567,-100.0,nan,0.006510416666666667,15,False
1,215,3.328788194372091,3.6037517549057747,-100.0,nan,0.006510416666666667,15,False
1,216,3.358051969314698,3.6015798038640665,-100.0,nan,0.006510416666666667,15,False
1,217,3.3874469411735197,3.59889315607838,-100.0,nan,0.006510416666666667,15,False
1,218,3.417577867809867,3.5960420560910125,-100.0,nan,0.006510416666666667,15,False
1,219,3.447875498972907,3.5931511067686563,-100.0,nan,0.006510416666666667,15,False
1,220,3.4781526425303033,3.5902582562913223,-100.0,nan,0.006510416666666667,15,False
1,221,3.5082853565740484,3.587367042630737,11.0,nan,0.006944444444444444,16,False
1,222,3.538598259900636,3.5844568755766164,-100.0,nan,0.006944444444444444,16,False
1,223,3.5688771386135842,3.581553231851987,-100.0,nan,0.006944444444444444,16,False
1,224,3.599110263549008,3.5786598129641334,-100.0,nan,0.006944444444444444,16,False
1,225,3.6294086506082217,3.575758808012705,-100.0,nan,0.006944444444444444,16,False
1,226,3.6596672091450073,3.5728646928167285,-100.0,nan,0.006944444444444444,16,False
1,227,3.689926385991658,3.569972320415833,-100.0,nan,0.006944444444444444,16,False
1,228,3.720216256146783,3.567080659190153,-100.0,nan,0.006944444444444444,16,False
1,229,3.750517361468227,3.564193158985221,-100.0,nan,0.006944444444444444,16,False
1,230,3.7808479586883257,3.5612949385447425,-100.0,nan,0.006944444444444444,16,False
1,231,3.8111240875071073,3.55840521667931,-100.0,nan,0.006944444444444444,16,False
1,232,3.8413863645261324,3.555521700232741,-100.0,nan,0.006944444444444444,16,False
1,233,3.871707879896816,3.552629346084282,-100.0,nan,0.006944444444444444,16,False
1,234,3.9019891652684486,3.5497429975204122,-100.0,nan,0.006944444444444444,16,False
1,235,3.932288964936935,3.546858337565434,-100.0,nan,0.006944444444444444,16,False
1,236,3.962542199221205,3.5439642838100216,-100.0,nan,0.006944444444444444,16,False
1,237,3.992824815167376,3.541084619384041,-100.0,nan,0.006944444444444444,16,False
1,238,4.022856949175893,3.5383064636017876,11.0,nan,0.007378472222222222,17,False
1,239,4.053222682640474,3.5356386378127524,-100.0,nan,0.007378472222222222,17,False
1,240,4.083922173333198,3.5336490034787182,-100.0,nan,0.007378472222222222,17,False
1,241,4.114882810136728,3.5326572932329134,-100.0,nan,0.007378472222222222,17,False
1,242,4.14595945410927,3.5327630676222848,-100.0,nan,0.007378472222222222,17,False
1,243,4.176504837342396,3.5338453931174216,-100.0,nan,0.007378472222222222,17,False
1,244,4.20661422037878,3.5358576145379876,-100.0,nan,0.007378472222222222,17,False
1,245,4.236565219485246,3.538341077260694,-100.0,nan,0.007378472222222222,17,False
1,246,4.266819540502693,3.5409553742187794,-100.0,nan,0.007378472222222222,17,False
1,247,4.297159619348907,3.5435773795054137,-100.0,nan,0.007378472222222222,17,False
1,248,4.327451044254701,3.5461955079642014,-100.0,nan,0.007378472222222222,17,False
1,249,4.3577278632147385,3.5488125939701813,-100.0,nan,0.007378472222222222,17,False
1,250,4.388051166831043,3.5514335277931925,-100.0,nan,0.007378472222222222,17,False
1,251,4.418353493837289,3.5540531160878954,-100.0,nan,0.007378472222222222,17,False
1,252,4.448652569600971,3.556672913526054,-100.0,nan,0.007378472222222222,17,False
1,253,4.478968520596294,3.5592944830238444,-100.0,nan,0.007378472222222222,17,False
1,254,4.509239327471313,3.5619124082778075,11.0,nan,0.0078125,18,False
1,255,4.539561994618021,3.5645337339848333,-100.0,nan,0.0078125,18,False
1,256,4.56989221710051,3.5671559110110667,-100.0,nan,0.0078125,18,False
1,257,4.6005892836073174,3.5698570115862407,-100.0,nan,0.0078125,18,False
1,258,4.631704546180003,3.5723048254777208,-100.0,nan,0.0078125,18,False
1,259,4.6630899246825885,3.5741980211875384,-100.0,nan,0.0078125,18,False
1,260,4.6944928511014306,3.5751504448144016,-100.0,nan,0.0078125,18,False
1,261,4.725574770627038,3.5746797403552524,-100.0,nan,0.0078125,18,False
1,262,4.756896314581887,3.57282961802348,-100.0,nan,0.0078125,18,False
1,263,4.7881024563225525,3.5694370762756185,-100.0,nan,0.0078125,18,False
1,264,4.818366647026903,3.5652058124902344,-100.0,nan,0.0078125,18,False
1,265,4.847888501100388,3.5601291534123543,-100.0,nan,0.0078125,18,False
1,266,4.877297520957762,3.554192361689397,-100.0,nan,0.0078125,18,False
1,267,4.906351872894008,3.548443416673652,-100.0,nan,0.0078125,18,False
1,268,4.9352028687087595,3.5424030502964725,-100.0,nan,0.0078125,18,False
1,269,4.964145449020666,3.5366191344715547,-100.0,nan,0.0078125,18,False
1,270,4.993340486343556,3.5316505879048594,-100.0,nan,0.0078125,18,False
1,271,5.022959399253438,3.527699090635947,11.0,nan,0.008246527777777778,19,False
1,272,5.0532958769142295,3.524573433638835,-100.0,nan,0.008246527777777778,19,False
1,273,5.084365431826077,3.5227235986878407,-100.0,nan,0.008246527777777778,19,False
1,274,5.1153527586098555,3.522248648906366,-100.0,nan,0.008246527777777778,19,False
1,275,5.146220263749052,3.5231373767801943,-100.0,nan,0.008246527777777778,19,False
1,276,5.176417514189868,3.5249872162605747,-100.0,nan,0.008246527777777778,19,False
1,277,5.206166450357618,3.5280188538132715,-100.0,nan,0.008246527777777778,19,False
1,278,5.235640219522477,3.531622354327172,-100.0,nan,0.008246527777777778,19,False
1,279,5.265491242288871,3.535565917775894,-100.0,nan,0.008246527777777778,19,False
1,280,5.295629563915122,3.5396136515017758,-100.0,nan,0.008246527777777778,19,False
1,281,5.325770785188803,3.5436633985773627,-100.0,nan,0.008246527777777778,19,False
1,282,5.355848528895731,3.5477308314553495,-100.0,nan,0.008246527777777778,19,False
1,283,5.3859251838554245,3.5516625165244666,-100.0,nan,0.008246527777777778,19,False
1,284,5.416362763936089,3.555135443294196,-100.0,nan,0.008246527777777778,19,False
1,285,5.447376466429622,3.557726456278403,-100.0,nan,0.008246527777777778,19,False
1,286,5.478801981070665,3.559208719384943,-100.0,nan,0.008246527777777778,19,False
1,287,5.510139339633586,3.559386176611409,11.0,nan,0.008680555555555556,20,False
1,288,5.540862325015448,3.5583104370978482,-100.0,nan,0.008680555555555556,20,False
1,289,5.571119317605086,3.555763265998384,-100.0,nan,0.008680555555555556,20,False
1,290,5.601859174910117,3.552192644889116,-100.0,nan,0.008680555555555556,20,False
1,291,5.632248232355375,3.547187197708114,-100.0,nan,0.008680555555555556,20,False
1,292,5.6627927611838285,3.5406727208561013,-100.0,nan,0.008680555555555556,20,False
1,293,5.693104541206312,3.532585644098175,-100.0,nan,0.008680555555555556,20,False
1,294,5.722941317773682,3.5238825749816294,-100.0,nan,0.008680555555555556,20,False
1,295,5.752220832235975,3.5146199771189046,-100.0,nan,0.008680555555555556,20,False
1,296,5.780616398868618,3.5040332605249596,-100.0,nan,0.008680555555555556,20,False
1,297,5.808995296629185,3.492958827258806,11.0,nan,0.009114583333333334,21,False
1,298,5.837222130442191,3.481959003574789,-100.0,nan,0.009114583333333334,21,False
1,299,5.865580018164821,3.4709186275931105,-100.0,nan,0.009114583333333334,21,False
1,300,5.893952824531414,3.4598624527489092,-100.0,nan,0.009114583333333334,21,False
1,301,5.922269124216357,3.4488348911321607,-100.0,nan,0.009114583333333334,21,False
1,302,5.950634332728186,3.437797545177573,-100.0,nan,0.009114583333333334,21,False
1,303,5.979018699023627,3.426752660633781,-100.0,nan,0.009114583333333334,21,False
1,304,6.007392431817023,3.4157127988801905,11.0,nan,0.009548611111111112,22,False
1,305,6.03572133035904,3.4046817664630584,-100.0,nan,0.009548611111111112,22,False
1,306,6.063877116024368,3.393720970272275,-100.0,nan,0.009548611111111112,22,False
1,307,6.092264812717321,3.3826897063353494,-100.0,nan,0.009548611111111112,22,False
1,308,6.120621706827459,3.371665582639319,-100.0,nan,0.009548611111111112,22,False
1,309,6.148987535347615,3.3606317919619224,-100.0,nan,0.009548611111111112,22,False
1,310,6.177372445099953,3.3495990909893756,-100.0,nan,0.009548611111111112,22,False
1,311,6.205724079246718,3.338572561182985,-100.0,nan,0.009548611111111112,22,False
1,312,6.234093557647589,3.327537893331632,-100.0,nan,0.009548611111111112,22,False
1,313,6.262462848132308,3.3165028644377963,-100.0,nan,0.009548611111111112,22,False
1,314,6.290670129291462,3.3054709952909436,-100.0,nan,0.009548611111111112,22,False
1,315,6.318649068179303,3.294328902542867,-100.0,nan,0.009548611111111112,22,False
1,316,6.346594132917962,3.282723865812443,-100.0,nan,0.009548611111111112,22,False
1,317,6.37434978582832,3.2700436459164246,-100.0,nan,0.009548611111111112,22,False
1,318,6.401465992950748,3.256452149000217,-100.0,nan,0.009548611111111112,22,False
1,319,6.428362211939927,3.2415819611097403,-100.0,nan,0.009548611111111112,22,False
1,320,6.454968353118081,3.2255221635040607,-100.0,nan,0.009548611111111112,22,False
1,321,6.480901352849924,3.208276706765879,-100.0,nan,0.009548611111111112,22,False
1,322,6.5059885118843095,3.1897062173266417,11.0,nan,0.009982638888888888,23,False
1,323,6.530334030060271,3.16995341530194,-100.0,nan,0.009982638888888888,23,False
1,324,6.553754309084244,3.1491025010560687,-100.0,nan,0.009982638888888888,23,False
1,325,6.576184255105377,3.127226708344761,-100.0,nan,0.009982638888888888,23,False
1,326,6.597994378298991,3.1053477723861396,-100.0,nan,0.009982638888888888,23,False
1,327,6.619040159955858,3.083164639897324,-100.0,nan,0.009982638888888888,23,False
1,328,6.639153513715877,3.060436546714868,-100.0,nan,0.009982638888888888,23,False
1,329,6.658656793897079,3.0371045879719865,-100.0,nan,0.009982638888888888,23,False
1,330,6.678189374548711,3.013753655787048,-100.0,nan,0.009982638888888888,23,False
1,331,6.697710413144972,2.990400802288336,11.0,nan,0.010416666666666666,24,False
1,332,6.717230362139066,2.967048687171888,-100.0,nan,0.010416666666666666,24,False
1,333,6.73669790240876,2.9437719757713934,-100.0,nan,0.010416666666666666,24,False
1,334,6.756211716054573,2.920424553731887,-100.0,nan,0.010416666666666666,24,False
1,335,6.775734363023411,2.8970703128771373,-100.0,nan,0.010416666666666666,24,False
1,336,6.795262474124482,2.8737085239658513,-100.0,nan,0.010416666666666666,24,False
1,337,6.814755619010983,2.850395725409885,-100.0,nan,0.010416666666666666,24,False
1,338,6.8342802349773635,2.8270313289911866,-100.0,nan,0.010416666666666666,24,False
1,339,6.853807113751365,2.8036670472327767,-100.0,nan,0.010416666666666666,24,False
1,340,6.873627396722137,2.780140111832582,-100.0,nan,0.010416666666666666,24,False
1,341,6.892954429711251,2.7567220410470887,-100.0,nan,0.010416666666666666,24,False
1,342,6.911337427767074,2.732764788800273,-100.0,nan,0.010416666666666666,24,False
1,343,6.928980678316718,2.707816619990398,-100.0,nan,0.010416666666666666,24,False
1,344,6.945983405877838,2.6817439784089685,-100.0,nan,0.010416666666666666,24,False
1,345,6.961683398391573,2.654715147009725,-100.0,nan,0.010416666666666666,24,False
1,346,6.975953868276454,2.6277024059489116,-100.0,nan,0.010416666666666666,24,False
1,347,6.9887503188506495,2.6004352562708766,-100.0,nan,0.010416666666666666,24,False
1,348,7.0005526730891345,2.572715522548172,11.0,nan,0.010850694444444444,25,False
1,349,7.011118410656958,2.544460955513364,-100.0,nan,0.010850694444444444,25,False
1,350,7.020662701696897,2.515535200198691,-100.0,nan,0.010850694444444444,25,False
1,351,7.029987324294425,2.485977743294851,11.0,nan,0.011284722222222222,26,False
1,352,7.0382148790533625,2.455928413834083,-100.0,nan,0.011284722222222222,26,False
1,353,7.0453242177096325,2.425362631847038,-100.0,nan,0.011284722222222222,26,False
1,354,7.05176134926573,2.3950562410229934,-100.0,nan,0.011284722222222222,26,False
1,355,7.057964725973694,2.3652159853436534,-100.0,nan,0.011284722222222222,26,False
1,356,7.064161395594485,2.335401692686686,-100.0,nan,0.011284722222222222,26,False
1,357,7.070359025539907,2.305588442532536,-100.0,nan,0.011284722222222222,26,False
1,358,7.076558288685788,2.275803154099668,-100.0,nan,0.011284722222222222,26,False
1,359,7.082752583245964,2.246023019318204,-100.0,nan,0.011284722222222222,26,False
1,360,7.088967056232753,2.216215024275088,-100.0,nan,0.011284722222222222,26,False
1,361,7.095179915918643,2.1864405252065637,-100.0,nan,0.011284722222222222,26,False
1,362,7.101395018053835,2.1566403256759665,-100.0,nan,0.011284722222222222,26,False
1,363,7.107616750110399,2.126852623558241,-100.0,nan,0.011284722222222222,26,False
1,364,7.113848493289145,2.0970580091240656,-100.0,nan,0.011284722222222222,26,False
1,365,7.12007599203597,2.067246600523321,-100.0,nan,0.011284722222222222,26,False
1,366,7.126048266502494,2.0377353856138267,-100.0,nan,0.011284722222222222,26,False
1,367,7.132046581009114,2.0084569156857324,-100.0,nan,0.011284722222222222,26,False
1,368,7.137765797112347,1.978809078635081,11.0,nan,0.01171875,27,False
1,369,7.142704935052026,1.9483906082005258,-100.0,nan,0.01171875,27,False
1,370,7.146743264989861,1.9176365073099748,-100.0,nan,0.01171875,27,False
1,371,7.149435580876508,1.8868805275874927,-100.0,nan,0.01171875,27,False
1,372,7.151076750471863,1.8558603193630479,-100.0,nan,0.01171875,27,False
1,373,7.152087285496218,1.8248249430981667,-100.0,nan,0.01171875,27,False
1,374,7.152886926622544,1.7943237238914047,-100.0,nan,0.01171875,27,False
1,375,7.153682794248708,1.7639016318476695,-100.0,nan,0.01171875,27,False
1,376,7.154470437795872,1.7334894781014767,-100.0,nan,0.01171875,27,False
1,377,7.155265156299073,1.70317566555832,-100.0,nan,0.01171875,27,False
1,378,7.156049090897408,1.6727645086137244,-100.0,nan,0.01171875,27,False
1,379,7.15682598632265,1.6424370720042252,-100.0,nan,0.01171875,27,False
1,380,7.157615807353414,1.6119896619641367,-100.0,nan,0.01171875,27,False
1,381,7.158398774727785,1.5815909123932137,-100.0,nan,0.01171875,27,False
1,382,7.159178703849579,1.551141566087847,-100.0,nan,0.01171875,27,False
1,383,7.159951088464917,1.5209380245485324,-100.0,nan,0.01171875,27,False
1,384,7.160950816167463,1.490957288010695,11.0,nan,0.012152777777777778,28,False
1,385,7.162615747773532,1.461549190518101,-100.0,nan,0.012152777777777778,28,False
1,386,7.165351232561862,1.4320257674572057,-100.0,nan,0.012152777777777778,28,False
1,387,7.168668672643168,1.4032300656225434,-100.0,nan,0.012152777777777778,28,False
1,388,7.1724998583231585,1.374135707453861,-100.0,nan,0.012152777777777778,28,False
1,389,7.176688802961378,1.3443877908088018,-100.0,nan,0.012152777777777778,28,False
1,390,7.180965489636583,1.3142844090715622,-100.0,nan,0.012152777777777778,28,False
1,391,7.185232271324864,1.2841725391876135,-100.0,nan,0.012152777777777778,28,False
1,392,7.189505060962097,1.2540337613108627,-100.0,nan,0.012152777777777778,28,False
1,393,7.193762470585782,1.2239659267822927,-100.0,nan,0.012152777777777778,28,False
1,394,7.198022020761306,1.1937972121496856,-100.0,nan,0.012152777777777778,28,False
1,395,7.202283365750963,1.1636618585089389,-100.0,nan,0.012152777777777778,28,False
1,396,7.206541412731405,1.1335335899923726,-100.0,nan,0.012152777777777778,28,False
1,397,7.210781542082597,1.1034459944266537,-100.0,nan,0.012152777777777778,28,False
1,398,7.215037635617246,1.0732972649068815,-100.0,nan,0.012152777777777778,28,False
1,399,7.219285771725663,1.0431675615124105,-100.0,nan,0.012152777777777778,28,False
1,400,7.223524614398008,1.0130711529170322,-100.0,nan,0.012152777777777778,28,False
1,401,7.228064244711382,0.9824261869036388,11.0,nan,0.012586805555555556,29,False
1,402,7.232159941485722,0.9515825021582246,-100.0,nan,0.012586805555555556,29,False
1,403,7.235440361202343,0.9208137827881565,-100.0,nan,0.012586805555555556,29,False
1,404,7.237855721449869,0.8899686433156412,-100.0,nan,0.012586805555555556,29,False
1,405,7.239656984840641,0.859045995021856,-100.0,nan,0.012586805555555556,29,False
1,406,7.2412227463225625,0.828579612498308,-100.0,nan,0.012586805555555556,29,False
1,407,7.242771504118856,0.7981974941010906,-100.0,nan,0.012586805555555556,29,False
1,408,7.24433020867908,0.7678028466723829,-100.0,nan,0.012586805555555556,29,False
1,409,7.245882770760742,0.7375444005242691,-100.0,nan,0.012586805555555556,29,False
1,410,7.247439221332622,0.7072324748477078,-100.0,nan,0.012586805555555556,29,False
1,411,7.248994906212273,0.6768372201555838,-100.0,nan,0.012586805555555556,29,False
1,412,7.2505460615924635,0.6464722070142833,-100.0,nan,0.012586805555555556,29,False
1,413,7.252092899297447,0.6161141617046567,-100.0,nan,0.012586805555555556,29,False
1,414,7.253641965645613,0.5857207999252934,-100.0,nan,0.012586805555555556,29,False
1,415,7.255185371908204,0.5553481345357103,-100.0,nan,0.012586805555555556,29,False
1,416,7.256728561382344,0.5249567315423307,-100.0,nan,0.012586805555555556,29,False
1,417,7.25826561007911,0.4946683375892887,11.0,nan,0.013020833333333334,30,False
1,418,7.2597626077257695,0.465188620623685,-100.0,nan,0.013020833333333334,30,False
1,419,7.2614110207796845,0.43615554672642004,-100.0,nan,0.013020833333333334,30,False
1,420,7.263766229445932,0.4071042108653103,-100.0,nan,0.013020833333333334,30,False
1,421,7.2671054925059355,0.37760741127710384,-100.0,nan,0.013020833333333334,30,False
1,422,7.271534473744324,0.3474314032006909,-100.0,nan,0.013020833333333334,30,False
1,423,7.277213913576249,0.31655324402753693,-100.0,nan,0.013020833333333334,30,False
1,424,7.284090416081868,0.28627605238943177,-100.0,nan,0.013020833333333334,30,False
1,425,7.292369607839036,0.25631482695323093,-100.0,nan,0.013020833333333334,30,False
1,426,7.301825819143147,0.22667209685313708,-100.0,nan,0.013020833333333334,30,False
1,427,7.312179722696425,0.19732420187036778,-100.0,nan,0.013020833333333334,30,False
1,428,7.324207141157916,0.1686702943473456,-100.0,nan,0.013020833333333334,30,False
1,429,7.337530548479078,0.14032743911279355,-100.0,nan,0.013020833333333334,30,False
1,430,7.351240778150554,0.11289970315736633,-100.0,nan,0.013020833333333334,30,False
1,431,7.365311088762322,0.08616358321428415,-100.0,nan,0.013020833333333334,30,False
1,432,7.380541176206141,0.06019908267548718,-100.0,nan,0.013020833333333334,30,False
1,433,7.396179633304811,0.034157607050756426,-100.0,nan,0.013020833333333334,30,False
1,434,7.41186830558717,0.008039978394668851,-100.0,nan,0.013020833333333334,30,False
1,435,7.427545265916494,-0.018058611408843787,11.0,nan,0.013454861111111112,31,False
1,436,7.443144037794771,-0.04396278185686321,-100.0,nan,0.013454861111111112,31,False
1,437,7.458838277452253,-0.07008463309858325,-100.0,nan,0.013454861111111112,31,False
1,438,7.4745117664444205,-0.09618281711748596,-100.0,nan,0.013454861111111112,31,False
1,439,7.490172435518851,-0.12225705458191383,-100.0,nan,0.013454861111111112,31,False
1,440,7.50585681420124,-0.14836803038232982,11.0,nan,0.013888888888888888,32,False
1,441,7.521495458318454,-0.1744617335701448,-100.0,nan,0.013888888888888888,32,False
1,442,7.5371046812775155,-0.20061344272147275,-100.0,nan,0.013888888888888888,32,False
1,443,7.552184227521008,-0.2271724796803247,-100.0,nan,0.013888888888888888,32,False
1,444,7.566640178921225,-0.2546019527392031,-100.0,nan,0.013888888888888888,32,False
1,445,7.5799594760668105,-0.28290327977598434,-100.0,nan,0.013888888888888888,32,False
1,446,7.592037045219647,-0.31115390718012964,-100.0,nan,0.013888888888888888,32,False
1,447,7.602632217359114,-0.3391976390783229,-100.0,nan,0.013888888888888888,32,False
1,448,7.611463814636627,-0.3676798818856454,-100.0,nan,0.013888888888888888,32,False
1,449,7.619293094325397,-0.39710041495555065,-100.0,nan,0.013888888888888888,32,False
1,450,7.626207866332732,-0.4274296228826004,-100.0,nan,0.013888888888888888,32,False
1,451,7.631534572418209,-0.45756873690579425,-100.0,nan,0.013888888888888888,32,False
1,452,7.63548193312778,-0.48673443927085436,-100.0,nan,0.013888888888888888,32,False
1,453,7.638383528826671,-0.5155414117994455,11.0,nan,0.014322916666666666,33,False
1,454,7.6395590911035045,-0.5449698096733827,-100.0,nan,0.014322916666666666,33,False
1,455,7.6395117485292925,-0.5745035969926193,-100.0,nan,0.014322916666666666,33,False
1,456,7.638453277354476,-0.6038576404019166,-100.0,nan,0.014322916666666666,33,False
1,457,7.636571985966537,-0.633140302345317,-100.0,nan,0.014322916666666666,33,False
1,458,7.634387812272159,-0.6630410429317407,-100.0,nan,0.014322916666666666,33,False
1,459,7.632082293169417,-0.6933707926328692,-100.0,nan,0.014322916666666666,33,False
1,460,7.629868339123975,-0.7233864769625952,-100.0,nan,0.014322916666666666,33,False
1,461,7.627914570407695,-0.753421884449596,-100.0,nan,0.014322916666666666,33,False
1,462,7.626640247165864,-0.78252012143418,-100.0,nan,0.014322916666666666,33,False
1,463,7.626200756064604,-0.8125939828738269,-100.0,nan,0.014322916666666666,33,False
1,464,7.626986545377766,-0.843235383664806,-100.0,nan,0.014322916666666666,33,False
1,465,7.629020102034367,-0.8734697964747217,-100.0,nan,0.014322916666666666,33,False
1,466,7.631598217640548,-0.9031533916132466,-100.0,nan,0.014322916666666666,33,False
1,467,7.634908840853412,-0.9326412543420937,-100.0,nan,0.014322916666666666,33,False
1,468,7.6384871794364555,-0.9627851138192324,-100.0,nan,0.014322916666666666,33,False
1,469,7.642074815330196,-0.9929874384801841,-100.0,nan,0.014322916666666666,33,False
1,470,7.645661954069116,-1.0232003527724236,11.0,nan,0.014756944444444444,34,False
1,471,7.649229664407269,-1.0532121101976546,-100.0,nan,0.014756944444444444,34,False
1,472,7.652790269607914,-1.0830628222181247,-100.0,nan,0.014756944444444444,34,False
1,473,7.6563816492015135,-1.1133021263007004,-100.0,nan,0.014756944444444444,34,False
1,474,7.659965351217437,-1.1435095791652716,-100.0,nan,0.014756944444444444,34,False
1,475,7.663540962732896,-1.1737245879914187,-100.0,nan,0.014756944444444444,34,False
1,476,7.667123765333725,-1.2039471379270676,-100.0,nan,0.014756944444444444,34,False
1,477,7.670708698647834,-1.2341621860717065,-100.0,nan,0.014756944444444444,34,False
1,478,7.674284325810603,-1.264359906916586,-100.0,nan,0.014756944444444444,34,False
1,479,7.677861554395147,-1.2945606555485363,-100.0,nan,0.014756944444444444,34,False
1,480,7.68144042097859,-1.3248141414278836,-100.0,nan,0.014756944444444444,34,False
1,481,7.685006319307037,-1.3548447734906341,-100.0,nan,0.014756944444444444,34,False
1,482,7.688591131352737,-1.3849806001909901,-100.0,nan,0.014756944444444444,34,False
1,483,7.692177375029731,-1.415204660168719,-100.0,nan,0.014756944444444444,34,False
1,484,7.69577516916755,-1.4454387399609843,-100.0,nan,0.014756944444444444,34,False
1,485,7.699362904408722,-1.4756680423577608,-100.0,nan,0.014756944444444444,34,False
1,486,7.702778268592226,-1.5054815632084957,11.0,nan,0.015190972222222222,35,False
1,487,7.7061732169823305,-1.5356853039892875,-100.0,nan,0.015190972222222222,35,False
1,488,7.709012101519953,-1.5661247929738327,-100.0,nan,0.015190972222222222,35,False
1,489,7.710712870528101,-1.596986030571158,-100.0,nan,0.015190972222222222,35,False
1,490,7.711221377551887,-1.6283563697866625,-100.0,nan,0.015190972222222222,35,False
1,491,7.710342727562943,-1.6597492077026859,-100.0,nan,0.015190972222222222,35,False
1,492,7.708248312887352,-1.6909150072572197,-100.0,nan,0.015190972222222222,35,False
1,493,7.705206051399434,-1.721332855585065,-100.0,nan,0.015190972222222222,35,False
1,494,7.7013594433129695,-1.7511193343027556,-100.0,nan,0.015190972222222222,35,False
1,495,7.696770053265853,-1.7803621639722775,-100.0,nan,0.015190972222222222,35,False
1,496,7.692140731768932,-1.8091487966178714,-100.0,nan,0.015190972222222222,35,False
1,497,7.687493890119109,-1.8373757751402446,-100.0,nan,0.015190972222222222,35,False
1,498,7.6832367181459285,-1.8658182138681334,-100.0,nan,0.015190972222222222,35,False
1,499,7.679728684573085,-1.8949994901157583,-100.0,nan,0.015190972222222222,35,False
1,500,7.677073637462078,-1.9249951092743949,-100.0,nan,0.015190972222222222,35,False
1,501,7.675508500817155,-1.9553792339863074,-100.0,nan,0.015190972222222222,35,False
1,502,7.67519464309768,-1.985484670376201,-100.0,nan,0.015190972222222222,35,False
1,503,7.675788258185314,-2.0155164116059594,11.0,nan,0.015625,36,False
1,504,7.676987599199677,-2.0454964639705837,-100.0,nan,0.015625,36,False
1,505,7.678316629882607,-2.0758536019378093,-100.0,nan,0.015625,36,False
1,506,7.67965199711546,-2.106187934820013,-100.0,nan,0.015625,36,False
1,507,7.680971668335319,-2.1365675515171985,-100.0,nan,0.015625,36,False
1,508,7.68229345633318,-2.1669786877774095,-100.0,nan,0.015625,36,False
1,509,7.6836237175888025,-2.197375917114867,-100.0,nan,0.015625,36,False
1,510,7.684953526830606,-2.2277670085288426,-100.0,nan,0.015625,36,False
1,511,7.686276182459515,-2.25814602030323,-100.0,nan,0.015625,36,False
1,512,7.687597564112498,-2.2885499969577863,-100.0,nan,0.015625,36,False
1,513,7.688899897962413,-2.3187190736934666,-100.0,nan,0.015625,36,False
1,514,7.690199478392559,-2.3491288362945437,-100.0,nan,0.015625,36,False
1,515,7.691507241214164,-2.3795434500871426,-100.0,nan,0.015625,36,False
1,516,7.692805551554002,-2.409913247046829,-100.0,nan,0.015625,36,False
1,517,7.694101567799609,-2.440324549579824,-100.0,nan,0.015625,36,False
1,518,7.695405246482247,-2.4707222789949745,-100.0,nan,0.015625,36,False
1,519,7.696730066131778,-2.5011756534993648,11.0,nan,0.016059027777777776,37,False
1,520,7.697860099181138,-2.5317395905983093,-100.0,nan,0.016059027777777776,37,False
1,521,7.698332471199915,-2.5626658019434854,-100.0,nan,0.016059027777777776,37,False
1,522,7.6980814518277585,-2.5932652531392617,-100.0,nan,0.016059027777777776,37,False
1,523,7.6965574012464435,-2.6237932980803027,-100.0,nan,0.016059027777777776,37,False
1,524,7.693555930586464,-2.654939955667705,-100.0,nan,0.016059027777777776,37,False
1,525,7.689517909382926,-2.6859365345870243,-100.0,nan,0.016059027777777776,37,False
1,526,7.683913668623084,-2.7167165723500397,-100.0,nan,0.016059027777777776,37,False
1,527,7.6770888296142825,-2.747279797594598,-100.0,nan,0.016059027777777776,37,False
1,528,7.668815929021613,-2.7775150991017816,-100.0,nan,0.016059027777777776,37,False
1,529,7.659127892747744,-2.8073491976501814,-100.0,nan,0.016059027777777776,37,False
1,530,7.648093318553944,-2.836724318154319,-100.0,nan,0.016059027777777776,37,False
1,531,7.635896865013353,-2.8652886829661908,-100.0,nan,0.016059027777777776,37,False
1,532,7.622381240837642,-2.893451133901874,-100.0,nan,0.016059027777777776,37,False
1,533,7.607307168806179,-2.920952844284759,-100.0,nan,0.016059027777777776,37,False
1,534,7.591417452385098,-2.9476435591461176,-100.0,nan,0.016059027777777776,37,False
1,535,7.574359961024752,-2.9738633107428596,-100.0,nan,0.016059027777777776,37,False
1,536,7.556188022419161,-2.9992970751762242,-100.0,nan,0.016059027777777776,37,False
1,537,7.536924798764721,-3.0238308714936513,11.0,nan,0.016493055555555556,38,False
1,538,7.516741766186385,-3.0474746975409994,-100.0,nan,0.016493055555555556,38,False
1,539,7.496004033364082,-3.069463849637035,11.0,nan,0.016927083333333332,39,False
1,540,7.474144213429747,-3.090979755191537,-100.0,nan,0.016927083333333332,39,False
1,541,7.450703595964322,-3.111624644153055,-100.0,nan,0.016927083333333332,39,False
1,542,7.427110100682113,-3.1314073603909938,-100.0,nan,0.016927083333333332,39,False
1,543,7.403051475138451,-3.1492779669142474,-100.0,nan,0.016927083333333332,39,False
1,544,7.378055265982201,-3.1664129886932324,-100.0,nan,0.016927083333333332,39,False
1,545,7.351586096627552,-3.1827576262030353,-100.0,nan,0.016927083333333332,39,False
1,546,7.324788749861597,-3.197945194140096,-100.0,nan,0.016927083333333332,39,False
1,547,7.2974112587686175,-3.211448713299312,-100.0,nan,0.016927083333333332,39,False
1,548,7.269185775073461,-3.22379791138298,-100.0,nan,0.016927083333333332,39,False
1,549,7.2399408243421846,-3.2348701755531923,-100.0,nan,0.016927083333333332,39,False
1,550,7.210159321897136,-3.2445861986378604,-100.0,nan,0.016927083333333332,39,False
1,551,7.180137596722241,-3.252947295725727,-100.0,nan,0.016927083333333332,39,False
1,552,7.149882002454107,-3.2605272453969003,-100.0,nan,0.016927083333333332,39,False
1,553,7.11983907889559,-3.266432703082014,-100.0,nan,0.016927083333333332,39,False
1,554,7.090372874497829,-3.2708677649409332,-100.0,nan,0.016927083333333332,39,False
1,555,7.060098505669808,-3.2738158806655964,-100.0,nan,0.016927083333333332,39,False
1,556,7.030114093164344,-3.275350069046651,-100.0,nan,0.016927083333333332,39,False
1,557,7.000090050119522,-3.275587863428103,-100.0,nan,0.016927083333333332,39,False
1,558,6.968996824606891,-3.2744534088079695,11.0,nan,0.017361111111111112,40,False
1,559,6.937784262407651,-3.2718970735006434,-100.0,nan,0.017361111111111112,40,False
1,560,6.907548092952546,-3.268672404534389,-100.0,nan,0.017361111111111112,40,False
1,561,6.877009398739125,-3.2638354065291746,-100.0,nan,0.017361111111111112,40,False
1,562,6.847399055521056,-3.258291171158738,-100.0,nan,0.017361111111111112,40,False
1,563,6.818416917038695,-3.252001388297794,-100.0,nan,0.017361111111111112,40,False
1,564,6.790266998955651,-3.2442580674698505,-100.0,nan,0.017361111111111112,40,False
1,565,6.761708087963991,-3.2360967062607,-100.0,nan,0.017361111111111112,40,False
1,566,6.732929788354081,-3.2279632269636735,-100.0,nan,0.017361111111111112,40,False
1,567,6.703928052294428,-3.2195479421236715,-100.0,nan,0.017361111111111112,40,False
1,568,6.674345744353465,-3.2112295854436455,-100.0,nan,0.017361111111111112,40,False
1,569,6.64396651268346,-3.2036986640011307,-100.0,nan,0.017361111111111112,40,False
1,570,6.613411285830757,-3.1974493300607056,-100.0,nan,0.017361111111111112,40,False
1,571,6.583257972476407,-3.1924381817768293,-100.0,nan,0.017361111111111112,40,False
1,572,6.5533574357245215,-3.18925119243275,-100.0,nan,0.017361111111111112,40,False
1,573,6.522661677944043,-3.187452597821439,-100.0,nan,0.017361111111111112,40,False
1,574,6.492058918167358,-3.18696096234898,11.0,nan,0.017795138888888888,41,False
1,575,6.462183274568537,-3.187590090858053,-100.0,nan,0.017795138888888888,41,False
1,576,6.432609830341394,-3.189676262411065,-100.0,nan,0.017795138888888888,41,False
1,577,6.402755323695762,-3.1930116188988302,-100.0,nan,0.017795138888888888,41,False
1,578,6.37219833450585,-3.1980380332475216,-100.0,nan,0.017795138888888888,41,False
1,579,6.342056572036104,-3.204397246371158,-100.0,nan,0.017795138888888888,41,False
1,580,6.312839452944246,-3.211890025079308,-100.0,nan,0.017795138888888888,41,False
1,581,6.283513317918323,-3.2209679885530096,-100.0,nan,0.017795138888888888,41,False
1,582,6.2540251946235585,-3.2315122571727426,-100.0,nan,0.017795138888888888,41,False
1,583,6.2250604704353565,-3.2426761588218196,-100.0,nan,0.017795138888888888,41,False
1,584,6.19742493694385,-3.2549284539191747,-100.0,nan,0.017795138888888888,41,False
1,585,6.170606804950378,-3.268365040244443,-100.0,nan,0.017795138888888888,41,False
1,586,6.143803220067029,-3.283403952257202,-100.0,nan,0.017795138888888888,41,False
1,587,6.118317418230392,-3.2992503555825343,-100.0,nan,0.017795138888888888,41,False
1,588,6.093788698656683,-3.316251411166209,-100.0,nan,0.017795138888888888,41,False
1,589,6.070199946595349,-3.3340759707019387,-100.0,nan,0.017795138888888888,41,False
1,590,6.046672601308273,-3.3533905371636985,-100.0,nan,0.017795138888888888,41,False
1,591,6.023552424537595,-3.3745252044386755,-100.0,nan,0.017795138888888888,41,False
1,592,6.001143486083047,-3.396348334095879,-100.0,nan,0.017795138888888888,41,False
1,593,5.979974110491901,-3.4185724269326183,11.0,nan,0.018229166666666668,42,False
1,594,5.960300798754746,-3.4415110916040113,-100.0,nan,0.018229166666666668,42,False
1,595,5.941860190750812,-3.465340611185626,-100.0,nan,0.018229166666666668,42,False
1,596,5.924514103595413,-3.489911094219085,-100.0,nan,0.018229166666666668,42,False
1,597,5.908039870252701,-3.515116340511221,11.0,nan,0.018663194444444444,43,False
1,598,5.892726811000576,-3.5408625430894882,-100.0,nan,0.018663194444444444,43,False
1,599,5.8779479740420975,-3.567981749497228,-100.0,nan,0.018663194444444444,43,False
1,600,5.8641308883272005,-3.5955585414260534,-100.0,nan,0.018663194444444444,43,False
1,601,5.852077808136095,-3.6232934628525406,-100.0,nan,0.018663194444444444,43,False
1,602,5.841110921754552,-3.6514672728480932,-100.0,nan,0.018663194444444444,43,False
1,603,5.831333947875627,-3.680024346430577,-100.0,nan,0.018663194444444444,43,False
1,604,5.822720007085497,-3.708992212229472,-100.0,nan,0.018663194444444444,43,False
1,605,5.815304339118417,-3.7381958287473953,-100.0,nan,0.018663194444444444,43,False
1,606,5.809107611662052,-3.7676040655406022,-100.0,nan,0.018663194444444444,43,False
1,607,5.804073528707392,-3.7970871909147195,-100.0,nan,0.018663194444444444,43,False
1,608,5.799969624844877,-3.827289309060695,-100.0,nan,0.018663194444444444,43,False
1,609,5.79720282521975,-3.8582020137422948,-100.0,nan,0.018663194444444444,43,False
1,610,5.795904823743792,-3.8887655785774617,-100.0,nan,0.018663194444444444,43,False
1,611,5.795870721227383,-3.9191245655213685,-100.0,nan,0.018663194444444444,43,False
1,612,5.797093483309738,-3.9493029288412376,-100.0,nan,0.018663194444444444,43,False
1,613,5.799540161141181,-3.9794374310733334,-100.0,nan,0.018663194444444444,43,False
1,614,5.803127497066635,-4.010023778680272,11.0,nan,0.019097222222222224,44,False
1,615,5.808066754650024,-4.040870364267949,-100.0,nan,0.019097222222222224,44,False
1,616,5.814328654274465,-4.071429995697479,-100.0,nan,0.019097222222222224,44,False
1,617,5.822094752770737,-4.101799806119449,-100.0,nan,0.019097222222222224,44,False
1,618,5.8311182650271665,-4.13182372126985,-100.0,nan,0.019097222222222224,44,False
1,619,5.8413304162860795,-4.1608480814127695,-100.0,nan,0.019097222222222224,44,False
1,620,5.852659039150784,-4.189067013952515,-100.0,nan,0.019097222222222224,44,False
1,621,5.865298766502763,-4.217367317341648,-100.0,nan,0.019097222222222224,44,False
1,622,5.878948889433358,-4.245343937086609,-100.0,nan,0.019097222222222224,44,False
1,623,5.893994667898636,-4.272418341456292,-100.0,nan,0.019097222222222224,44,False
1,624,5.910395897157633,-4.2990631493894735,-100.0,nan,0.019097222222222224,44,False
1,625,5.927978625780037,-4.324976091410258,-100.0,nan,0.019097222222222224,44,False
1,626,5.9463498454487365,-4.350003552546089,-100.0,nan,0.019097222222222224,44,False
1,627,5.965873150889623,-4.374004875947143,-100.0,nan,0.019097222222222224,44,False
1,628,5.986225154928367,-4.396894048183863,-100.0,nan,0.019097222222222224,44,False
1,629,6.00768633791117,-4.419520315500208,11.0,nan,0.01953125,45,False
1,630,6.030092234740869,-4.440896997562144,-100.0,nan,0.01953125,45,False
1,631,6.053310147037765,-4.461441226770043,-100.0,nan,0.01953125,45,False
1,632,6.077625406752244,-4.480813447616951,-100.0,nan,0.01953125,45,False
1,633,6.102953453940882,-4.499183971610374,-100.0,nan,0.01953125,45,False
1,634,6.128907710865136,-4.516264284708516,11.0,nan,0.019965277777777776,46,False
1,635,6.155447137562612,-4.532191083214307,-100.0,nan,0.019965277777777776,46,False
1,636,6.182708778191738,-4.547220184759724,-100.0,nan,0.019965277777777776,46,False
1,637,6.210555766388083,-4.561018931230238,-100.0,nan,0.019965277777777776,46,False
1,638,6.238966811228077,-4.5734519872699035,-100.0,nan,0.019965277777777776,46,False
1,639,6.268119355706167,-4.584660982774307,-100.0,nan,0.019965277777777776,46,False
1,640,6.297782811654013,-4.594447421707617,-100.0,nan,0.019965277777777776,46,False
1,641,6.327870459970127,-4.602832290687684,-100.0,nan,0.019965277777777776,46,False
1,642,6.358308780992783,-4.609831776658053,-100.0,nan,0.019965277777777776,46,False
1,643,6.3889519717803624,-4.615700408344503,-100.0,nan,0.019965277777777776,46,False
1,644,6.419757129378492,-4.619969232306625,-100.0,nan,0.019965277777777776,46,False
1,645,6.450759905909545,-4.623009684406533,-100.0,nan,0.019965277777777776,46,False
1,646,6.481947788783056,-4.624638793264592,-100.0,nan,0.019965277777777776,46,False
1,647,6.513230469028968,-4.624831543792244,11.0,nan,0.020399305555555556,47,False
1,648,6.544521285472681,-4.623544060338026,-100.0,nan,0.020399305555555556,47,False
1,649,6.575755127394593,-4.620771059571419,-100.0,nan,0.020399305555555556,47,False
1,650,6.606856521350887,-4.616546387868012,-100.0,nan,0.020399305555555556,47,False
1,651,6.637640857388479,-4.610884717342026,-100.0,nan,0.020399305555555556,47,False
1,652,6.668156847860691,-4.604013698949966,-100.0,nan,0.020399305555555556,47,False
1,653,6.697808408743065,-4.596288465511304,-100.0,nan,0.020399305555555556,47,False
1,654,6.7263363439480806,-4.588002956563764,-100.0,nan,0.020399305555555556,47,False
1,655,6.754290566654424,-4.578615475321961,-100.0,nan,0.020399305555555556,47,False
1,656,6.781781299388862,-4.56814787313983,-100.0,nan,0.020399305555555556,47,False
1,657,6.809860239046487,-4.5572711496053,-100.0,nan,0.020399305555555556,47,False
1,658,6.838220481992905,-4.546253781594399,-100.0,nan,0.020399305555555556,47,False
1,659,6.86635666658457,-4.535287894349695,-100.0,nan,0.020399305555555556,47,False
1,660,6.894736483374671,-4.524259445600855,-100.0,nan,0.020399305555555556,47,False
1,661,6.923122616888012,-4.513224217362141,-100.0,nan,0.020399305555555556,47,False
1,662,6.951475488989147,-4.502199503369038,-100.0,nan,0.020399305555555556,47,False
1,663,6.9798774434277835,-4.491162706287458,11.0,nan,0.020833333333333332,48,False
1,664,7.008225076820759,-4.48014346692994,11.0,nan,0.021267361111111112,49,False
1,665,7.036660552169828,-4.46892615259616,-100.0,nan,0.021267361111111112,49,False
1,666,7.064967412711085,-4.457822355109605,-100.0,nan,0.021267361111111112,49,False
1,667,7.0936872498095465,-4.447160483098138,-100.0,nan,0.021267361111111112,49,False
1,668,7.122867888709535,-4.4373042611852895,-100.0,nan,0.021267361111111112,49,False
1,669,7.15187511628262,-4.428150793219075,-100.0,nan,0.021267361111111112,49,False
1,670,7.179702380042385,-4.420125741946005,-100.0,nan,0.021267361111111112,49,False
1,671,7.206678528388705,-4.413984079321247,-100.0,nan,0.021267361111111112,49,False
1,672,7.232744673070697,-4.409624213429505,-100.0,nan,0.021267361111111112,49,False
1,673,7.257711983266307,-4.4069481631593,-100.0,nan,0.021267361111111112,49,False
1,674,7.281282829311266,-4.405586819097023,-100.0,nan,0.021267361111111112,49,False
1,675,7.303044602079248,-4.405052039202204,-100.0,nan,0.021267361111111112,49,False
1,676,7.3228713764362166,-4.404848486209783,-100.0,nan,0.021267361111111112,49,False
1,677,7.340656021540523,-4.404815065819061,-100.0,nan,0.021267361111111112,49,False
1,678,7.356542007544376,-4.404773117214103,-100.0,nan,0.021267361111111112,49,False
1,679,7.370464407821287,-4.404833732675865,-100.0,nan,0.021267361111111112,49,False
1,680,7.382415000603378,-4.404783288339295,-100.0,nan,0.021267361111111112,49,False
1,681,7.392414426355206,-4.40482202103508,-100.0,nan,0.021267361111111112,49,False
1,682,7.400533908825039,-4.40475482892806,-100.0,nan,0.021267361111111112,49,False
1,683,7.406778548843268,-4.4047989945019195,-100.0,nan,0.021267361111111112,49,False
1,684,7.4112923872649015,-4.404701130730115,-100.0,nan,0.021267361111111112,49,False
1,685,7.414034602327515,-4.404853298525427,-100.0,nan,0.021267361111111112,49,False
1,686,7.415378073122172,-4.4049698938249975,-100.0,nan,0.021267361111111112,49,False
1,687,7.416094393498557,-4.405382135939322,-100.0,nan,0.021267361111111112,49,False
1,688,7.416707965431621,-4.4055518807589955,-100.0,nan,0.021267361111111112,49,False
1,689,7.417222341778837,-4.405824349745104,-100.0,nan,0.021267361111111112,49,False
1,690,7.417325712210433,-4.405696506151445,-100.0,nan,0.021267361111111112,49,False
1,691,7.417126864834119,-4.405711275866494,-100.0,nan,0.021267361111111112,49,False
1,692,7.4165822287339775,-4.4052021869211595,-100.0,nan,0.021267361111111112,49,False
1,693,7.4163108909713005,-4.405123922988925,-100.0,nan,0.021267361111111112,49,False
1,694,7.415832172763583,-4.404603710528322,-100.0,nan,0.021267361111111112,49,False
1,695,7.416208656518252,-4.405058025904738,-100.0,nan,0.021267361111111112,49,False
1,696,7.4164647715615635,-4.405183181403244,-100.0,nan,0.021267361111111112,49,False
1,697,7.4170179992047425,-4.405810504087876,-100.0,nan,0.021267361111111112,49,False
1,698,7.417171195712836,-4.40590797103727,-100.0,nan,0.021267361111111112,49,False
1,699,7.417242024130016,-4.406058627751068,-100.0,nan,0.021267361111111112,49,False
1,700,7.417261787992981,-4.406043665266201,-100.0,nan,0.021267361111111112,49,False
1,701,7.417377216799594,-4.406298632768913,-100.0,nan,0.021267361111111112,49,False
1,702,7.417394329452796,-4.406297274386717,-100.0,nan,0.021267361111111112,49,False
1,703,7.417733743323197,-4.406960167063407,-100.0,nan,0.021267361111111112,49,False
1,704,7.4176897696657305,-4.407184598508723,-100.0,nan,0.021267361111111112,49,False
1,705,7.417634545288739,-4.40713409069065,-100.0,nan,0.021267361111111112,49,False
1,706,7.417334454536274,-4.406475641752038,-100.0,nan,0.021267361111111112,49,False
1,707,7.41714036641185,-4.405956741396079,-100.0,nan,0.021267361111111112,49,False
1,708,7.416919295688748,-4.405130670506647,-100.0,nan,0.021267361111111112,49,False
1,709,7.41709533933387,-4.405057411863021,-100.0,nan,0.021267361111111112,49,False
1,710,7.417030015033144,-4.404906458181997,-100.0,nan,0.021267361111111112,49,False
1,711,7.417088745212588,-4.404925360775843,-100.0,nan,0.021267361111111112,49,False
1,712,7.416986032117468,-4.404402638600652,-100.0,nan,0.021267361111111112,49,False
1,713,7.416993888632008,-4.403979219793411,-100.0,nan,0.021267361111111112,49,False
1,714,7.4169739310732306,-4.403776408593353,-100.0,nan,0.021267361111111112,49,False
1,715,7.416987969085017,-4.404234116959441,-100.0,nan,0.021267361111111112,49,False
1,716,7.4169674501836855,-4.404343901245291,-100.0,nan,0.021267361111111112,49,False
1,717,7.416974103281689,-4.403977410720274,-100.0,nan,0.021267361111111112,49,False
1,718,7.417017808175241,-4.40343390536688,-100.0,nan,0.021267361111111112,49,False
1,719,7.417150296784195,-4.40283723210922,-100.0,nan,0.021267361111111112,49,False
1,720,7.417283941733562,-4.4021130595308895,-100.0,nan,0.021267361111111112,49,False
1,721,7.417474146007496,-4.401497483457475,-100.0,nan,0.021267361111111112,49,False
1,722,7.417534142054456,-4.401175962640972,-100.0,nan,0.021267361111111112,49,False
1,723,7.417598615173528,-4.401221049040393,-100.0,nan,0.021267361111111112,49,False
1,724,7.417694716419967,-4.401040737340034,-100.0,nan,0.021267361111111112,49,False
1,725,7.417912888980495,-4.400608814168855,-100.0,nan,0.021267361111111112,49,False
1,726,7.418027749277399,-4.400265479905812,-100.0,nan,0.021267361111111112,49,False
1,727,7.418260092706369,-4.399967019836881,-100.0,nan,0.021267361111111112,49,False
1,728,7.417865030567354,-4.400433855528069,-100.0,nan,0.021267361111111112,49,False
1,729,7.417892494228113,-4.400550669765906,-100.0,nan,0.021267361111111112,49,False
1,730,7.41798288999085,-4.400213876029857,-100.0,nan,0.021267361111111112,49,False
1,731,7.418392435524551,-4.399827784456641,-100.0,nan,0.021267361111111112,49,False
1,732,7.417974794028691,-4.400102479498035,-100.0,nan,0.021267361111111112,49,False
1,733,7.41792163907706,-4.400341591158704,-100.0,nan,0.021267361111111112,49,False
1,734,7.417300759730857,-4.400763925855536,-100.0,nan,0.021267361111111112,49,False
1,735,7.4156543514482465,-4.401780429483698,-100.0,nan,0.021267361111111112,49,False
1,736,7.41366232574168,-4.4020732141497465,-100.0,nan,0.021267361111111112,49,False
1,737,7.410834383771456,-4.402923381523831,-100.0,nan,0.021267361111111112,49,False
1,738,7.406614271384091,-4.405815315099814,-100.0,nan,0.021267361111111112,49,False
1,739,7.4016133776487285,-4.409932068842015,-100.0,nan,0.021267361111111112,49,False
1,740,7.3955521224028375,-4.415499524882701,-100.0,nan,0.021267361111111112,49,False
1,741,7.388238877024032,-4.422503858144345,-100.0,nan,0.021267361111111112,49,False
1,742,7.380280073735454,-4.4301669773087635,-100.0,nan,0.021267361111111112,49,False
1,743,7.370956484415501,-4.439053233052705,-100.0,nan,0.021267361111111112,49,False
1,744,7.360308043847983,-4.44876182692253,-100.0,nan,0.021267361111111112,49,False
1,745,7.34835223216689,-4.458881511056477,-100.0,nan,0.021267361111111112,49,False
1,746,7.3345548104185445,-4.46935552580067,-100.0,nan,0.021267361111111112,49,False
1,747,7.318869630015022,-4.479572978957239,-100.0,nan,0.021267361111111112,49,False
1,748,7.3020724986970125,-4.489218976114521,-100.0,nan,0.021267361111111112,49,False
1,749,7.283484294673196,-4.497962612421069,-100.0,nan,0.021267361111111112,49,False
1,750,7.263348304701319,-4.505790858036445,11.0,nan,0.021701388888888888,50,False
1,751,7.241902270691448,-4.51278008889172,-100.0,nan,0.021701388888888888,50,False
1,752,7.219645967899398,-4.518519916176716,-100.0,nan,0.021701388888888888,50,False
1,753,7.195988896975769,-4.522913601203931,-100.0,nan,0.021701388888888888,50,False
1,754,7.171042616703972,-4.525890614804591,-100.0,nan,0.021701388888888888,50,False
1,755,7.144957254402309,-4.527462976116364,-100.0,nan,0.021701388888888888,50,False
1,756,7.1182617282132545,-4.527898197877003,-100.0,nan,0.021701388888888888,50,False
1,757,7.090165579780633,-4.527069548664209,-100.0,nan,0.021701388888888888,50,False
1,758,7.061164820396596,-4.525350332354623,-100.0,nan,0.021701388888888888,50,False
1,759,7.032899486164269,-4.523557919901787,-100.0,nan,0.021701388888888888,50,False
1,760,7.006355653160586,-4.522522212165794,-100.0,nan,0.021701388888888888,50,False
1,761,6.981868129576261,-4.521938084555343,-100.0,nan,0.021701388888888888,50,False
1,762,6.959226345136593,-4.521715348626549,-100.0,nan,0.021701388888888888,50,False
1,763,6.938749983537155,-4.521522957666712,-100.0,nan,0.021701388888888888,50,False
1,764,6.920149769855397,-4.521454966656754,-100.0,nan,0.021701388888888888,50,False
1,765,6.903661377433818,-4.521320502829223,-100.0,nan,0.021701388888888888,50,False
1,766,6.888968728656112,-4.5212924273537185,-100.0,nan,0.021701388888888888,50,False
1,767,6.876390386730456,-4.521230746937003,-100.0,nan,0.021701388888888888,50,False
1,768,6.86561299159101,-4.521314728740072,-100.0,nan,0.021701388888888888,50,False
1,769,6.856825915721086,-4.521222782337459,-100.0,nan,0.021701388888888888,50,False
1,770,6.849940621652125,-4.520978513544905,-100.0,nan,0.021701388888888888,50,False
1,771,6.843405458625988,-4.5195004017525875,-100.0,nan,0.021701388888888888,50,False
1,772,6.8373235668455274,-4.517129568697686,-100.0,nan,0.021701388888888888,50,False
1,773,6.830500115726336,-4.5134773500532415,-100.0,nan,0.021701388888888888,50,False
1,774,6.822503701666082,-4.508244364909117,-100.0,nan,0.021701388888888888,50,False
1,775,6.813271778750604,-4.501471496045828,-100.0,nan,0.021701388888888888,50,False
1,776,6.803134303784222,-4.493422536403437,-100.0,nan,0.021701388888888888,50,False
1,777,6.792180338203798,-4.484227968375313,-100.0,nan,0.021701388888888888,50,False
1,778,6.78002116870092,-4.473525127663249,-100.0,nan,0.021701388888888888,50,False
1,779,6.766687356221541,-4.461328849322758,-100.0,nan,0.021701388888888888,50,False
1,780,6.752591165360528,-4.447876814689665,-100.0,nan,0.021701388888888888,50,False
1,781,6.73817456736396,-4.4334937111752275,-100.0,nan,0.021701388888888888,50,False
1,782,6.7230502143384365,-4.417264731855013,-100.0,nan,0.021701388888888888,50,False
1,783,6.708030385159722,-4.40104930783371,-300.0,nan,0.021701388888888888,50,True
