x,y
0.0002918966140334996,3.470118217633841e-21
0.0005886286722834613,6.669843509225794e-21
0.0008899821544456495,6.795649254878388e-21
0.0011957257406585249,-5.2880374571849124e-21
0.001505609889450884,-1.85327806105998e-20
0.0015301016961554836,-2.6283070949533515e-20
0.0015545545205990113,-3.295844806893946e-20
0.0030978198701191693,-7.907923868637335e-16
0.003297575355254204,-0.0021152002399965667
0.003663169521976804,-0.004972764822200047
0.003995144933127979,-0.00783661375509134
0.004184425918879796,-0.010711602007648159
0.004243932664069083,-0.01359580832749948
0.004309484395481874,-0.016471746851106157
0.0044096834382692076,-0.01743187638335329
0.003968131651628587,-0.015477386299291787
0.003546365971013859,-0.013553608421346685
0.0035540852231159556,-0.01313541517053944
0.0039696752716951444,-0.01312084139354583
0.004252406715969547,-0.013175848907425059
0.004131797436810088,-0.01309492015264253
0.004026103134114728,-0.013271661887985012
0.003942357358960555,-0.013172779650298116
0.0038383681939833294,-0.013250738995328063
0.0037112062887543233,-0.013145786620961112
0.003615698507573113,-0.013251809523458427
0.0034494512785266805,-0.01324969571151756
0.0028122955915345403,-0.013703181344117028
0.002699215044260432,-0.013685623402560715
0.002662681746329381,-0.013746175369758659
0.002680693969270712,-0.013715950734588785
0.002637604147008716,-0.013808766984434182
0.0026313118133959017,-0.013791991026920924
0.002940665014239584,-0.012806574852287748
0.002649235292351661,-0.011270764457105724
0.003404699736968951,-0.008576893608619943
0.0058945100466527124,-0.004522701539034095
0.009947036601748597,0.0006966978261934093
0.015335710232159808,0.007062130349276302
0.0225070622327871,0.014909309524327296
0.030424103718720168,0.023509137733188218
0.03950964179000203,0.03333321619769998
0.04965152464525354,0.04461953962317573
0.0601825135489442,0.05680133757161575
0.07126326322177351,0.07082045106025123
0.08246511359407042,0.0866152233863358
0.09344127135480275,0.10363518979543898
0.1039832457784943,0.12239296417698675
0.11408626342207019,0.142348648430974
0.12365682106548596,0.16374230555496924
0.1328098999629569,0.18685158151708597
0.1416639998094684,0.21142324786813985
0.15022379193795798,0.23769400915171504
0.15862201731522937,0.2651063963153241
0.16695632221038326,0.29345775215377223
0.17530555090597444,0.32272944014964994
0.18365302401576056,0.35200372568567856
0.19199603317048722,0.38127136108206644
0.20035164344815054,0.4105666134634983
0.20869146600371066,0.43981955263480854
0.21704693585175344,0.46910480001739047
0.2253954755067716,0.4983770141006169
0.23372774781616892,0.5275318769208738
0.24201863964066586,0.5567220403072054
0.2503338839294295,0.586005244408377
0.25864388840502883,0.6152666943775271
0.2669690021530767,0.6445696131185956
0.27528832168227957,0.673845552737076
0.2835956556773736,0.7031045027637051
0.29192560437929616,0.7324027560516259
0.3002390740465076,0.7616552504234816
0.30856892361239774,0.7909423397618459
0.3168918080674719,0.8202198418274284
0.32517822197076884,0.8493218265288911
0.333471426858856,0.8785590022036863
0.3417800613278643,0.9078537938588913
0.3500832926900255,0.9371182199946299
0.35840309461358033,0.9664299111826256
0.3667169111692043,0.9957144430479714
0.37502878966558006,1.0249943227145908
0.3833518338986851,1.0542975766086984
0.39165664358275204,1.0835492119836703
0.39996243172834367,1.1127310062264177
0.4082893863760629,1.142014229946161
0.4166106367319899,1.171266782031171
0.4249481300175542,1.2005673785306632
0.4332717826117896,1.2298208021611914
0.4415888128124746,1.258881169660189
0.45012194078446494,1.2879295799399135
0.4589880865441632,1.3166927276477625
0.4687718134314902,1.345097007845471
0.4797725160579428,1.3732783722894684
0.49191498073358786,1.4010023414095294
0.5051800041308067,1.4281921865626708
0.5198030158070194,1.455448090863967
0.5356065088523544,1.482509047427437
0.5527130758802582,1.508692506601805
0.5702448624635647,1.5343217831392617
0.5881151126714167,1.5591191203005463
0.6065906335847944,1.583082327264928
0.6256995427566456,1.6066307813527927
0.6449391073507326,1.63023359224158
0.6641712610811745,1.6538159032928197
0.6833499240888805,1.6773460623404561
0.7025801730180377,1.7009388861050136
0.7218162678502299,1.7245252785656235
0.741050004859152,1.7481334106506243
0.7602877322945262,1.7717224955411215
0.7795119285288296,1.7953002181817235
0.7987057715699997,1.8188467000138937
0.81794934269097,1.8424390315328119
0.8371838828793505,1.8660263744467074
0.8564226498590852,1.8896329156520046
0.8756617591522101,1.9132151975489196
0.8948418722120689,1.936737535744314
0.9140807876446583,1.9603301360359184
0.9333248601783277,1.9839151404831512
0.9525737412330697,2.007517670656375
0.9718108909337393,2.031095530047894
0.9910540963262793,2.0546839498906095
1.0102339291198983,2.0782049014602286
1.0295718298218066,2.1018922844373256
1.049161997710084,2.1256184792980624
1.0695403587599948,2.148998093991933
1.090732427718813,2.171598239048144
1.113165734066943,2.1932424802372754
1.1367115943684918,2.213895737399197
1.160767452501351,2.233966455970242
1.1850286363132787,2.2533438375508577
1.2098626943282875,2.271537854385288
1.2347148583451606,2.2891020512338747
1.2596945499158618,2.3066715563658517
1.2844361496562928,2.324364212408413
1.3088170567854807,2.342415612326327
1.331959075199191,2.361466872731603
1.3546899992091397,2.3815200356163446
1.376637317766198,2.4027650045213784
1.397252431947156,2.4246295628824233
1.4170107416056164,2.4467525789702154
1.4362124553146876,2.469267124558571
1.4548201695250105,2.4927391917707573
1.4731618683166643,2.5169269637781317
1.4914250411981484,2.5411548520781735
1.5097343857408858,2.5654556082109377
1.528062543297091,2.589772349814974
1.54638875843537,2.6140739916143656
1.5647081074857272,2.63838738928227
1.5830307069173841,2.6626888825660133
1.601273190223634,2.6868797704415326
1.619802844580516,2.711499555169558
1.6386267792230922,2.736172469821182
1.6579918810500314,2.7602507109859316
1.6780087756339845,2.7831849325879525
1.698911739807842,2.8051261685105895
1.7209014028665415,2.8263862216962847
1.7439070587747574,2.8473653315956464
1.7670524677734907,2.8673260735734605
1.7905366525280724,2.8866108978809115
1.8147362336203046,2.905068423362053
1.839275685055564,2.923020824249181
1.8637898650502938,2.940954821858909
1.8883257460606866,2.958865982386329
1.912927383462537,2.976823008650116
1.9374939862229765,2.99476521585034
1.9620754454765446,3.0127127963044242
1.9866566363350753,3.03066980351018
2.011211495804369,3.0486117889056707
2.035746877034166,3.0665288957568593
2.0603238011190004,3.084468196011496
2.0848996691463335,3.102412126796858
2.109460767771853,3.1203348881512842
2.1340383719006235,3.138272907259496
2.1586280529401956,3.1562185828218188
2.1832087200600685,3.1741567823145767
2.2077813818009524,3.192097341645541
2.2323577233801664,3.210036750487321
2.2569488067381105,3.227998604798321
2.281510627351849,3.2459377011968567
2.306094787177592,3.263889601748752
2.3306578072247346,3.281832167808461
2.3552305978367283,3.2997938413193455
2.3798249857858162,3.317759678841868
2.404393722614722,3.33570620889032
2.4287400781202044,3.353494810380141
2.4529631264045983,3.37109783347842
2.4777929425413254,3.3881036660928032
2.5034347802023804,3.4040430394473606
2.529705536310516,3.4188666151064466
2.5565824629376315,3.432616074928754
2.5840184918067157,3.4453742239697176
2.6120056064925943,3.4574993699413312
2.6410086314583454,3.468409188298428
2.670395296336296,3.478699354235711
2.7005736874739723,3.487771564877346
2.730810971790777,3.4958956675420385
2.7609589921334776,3.5031434870261124
2.7907046302985985,3.5101135753604513
2.8203110768755524,3.517026831169595
2.84996366503512,3.5239521500142095
2.8795927024545174,3.5308689273685974
2.9092410790878835,3.5377895040087073
2.9388840174989403,3.5447130237781916
2.968504441543263,3.5516251430227284
2.9981455720033576,3.5585498363953145
3.0273859117538287,3.5654068401499686
3.056813491913577,3.57229159681721
3.0862936930932103,3.5790871654911007
3.1159516343662736,3.5857338700216346
3.145986465057807,3.5917840854157457
3.1765549186832502,3.596885775554763
3.207700696405917,3.6005960013092007
3.238891636250087,3.603211765702533
3.2695041298816214,3.6046791697823086
3.299340387216321,3.6048894719324567
3.328788194372091,3.6037517549057747
3.358051969314698,3.6015798038640665
3.3874469411735197,3.59889315607838
3.417577867809867,3.5960420560910125
3.447875498972907,3.5931511067686563
3.4781526425303033,3.5902582562913223
3.5082853565740484,3.587367042630737
3.538598259900636,3.5844568755766164
3.5688771386135842,3.581553231851987
3.599110263549008,3.5786598129641334
3.6294086506082217,3.575758808012705
3.6596672091450073,3.5728646928167285
3.689926385991658,3.569972320415833
3.720216256146783,3.567080659190153
3.750517361468227,3.564193158985221
3.7808479586883257,3.5612949385447425
3.8111240875071073,3.55840521667931
3.8413863645261324,3.555521700232741
3.871707879896816,3.552629346084282
3.9019891652684486,3.5497429975204122
3.932288964936935,3.546858337565434
3.962542199221205,3.5439642838100216
3.992824815167376,3.541084619384041
4.022856949175893,3.5383064636017876
4.053222682640474,3.5356386378127524
4.083922173333198,3.5336490034787182
4.114882810136728,3.5326572932329134
4.14595945410927,3.5327630676222848
4.176504837342396,3.5338453931174216
4.20661422037878,3.5358576145379876
4.236565219485246,3.538341077260694
4.266819540502693,3.5409553742187794
4.297159619348907,3.5435773795054137
4.327451044254701,3.5461955079642014
4.3577278632147385,3.5488125939701813
4.388051166831043,3.5514335277931925
4.418353493837289,3.5540531160878954
4.448652569600971,3.556672913526054
4.478968520596294,3.5592944830238444
4.509239327471313,3.5619124082778075
4.539561994618021,3.5645337339848333
4.56989221710051,3.5671559110110667
4.6005892836073174,3.5698570115862407
4.631704546180003,3.5723048254777208
4.6630899246825885,3.5741980211875384
4.6944928511014306,3.5751504448144016
4.725574770627038,3.5746797403552524
4.756896314581887,3.57282961802348
4.7881024563225525,3.5694370762756185
4.818366647026903,3.5652058124902344
4.847888501100388,3.5601291534123543
4.877297520957762,3.554192361689397
4.906351872894008,3.548443416673652
4.9352028687087595,3.5424030502964725
4.964145449020666,3.5366191344715547
4.993340486343556,3.5316505879048594
5.022959399253438,3.527699090635947
5.0532958769142295,3.524573433638835
5.084365431826077,3.5227235986878407
5.1153527586098555,3.522248648906366
5.146220263749052,3.5231373767801943
5.176417514189868,3.5249872162605747
5.206166450357618,3.5280188538132715
5.235640219522477,3.531622354327172
5.265491242288871,3.535565917775894
5.295629563915122,3.5396136515017758
5.325770785188803,3.5436633985773627
5.355848528895731,3.5477308314553495
5.3859251838554245,3.5516625165244666
5.416362763936089,3.555135443294196
5.447376466429622,3.557726456278403
5.478801981070665,3.559208719384943
5.510139339633586,3.559386176611409
5.540862325015448,3.5583104370978482
5.571119317605086,3.555763265998384
5.601859174910117,3.552192644889116
5.632248232355375,3.547187197708114
5.6627927611838285,3.5406727208561013
5.693104541206312,3.532585644098175
5.722941317773682,3.5238825749816294
5.752220832235975,3.5146199771189046
5.780616398868618,3.5040332605249596
5.808995296629185,3.492958827258806
5.837222130442191,3.481959003574789
5.865580018164821,3.4709186275931105
5.893952824531414,3.4598624527489092
5.922269124216357,3.4488348911321607
5.950634332728186,3.437797545177573
5.979018699023627,3.426752660633781
6.007392431817023,3.4157127988801905
6.03572133035904,3.4046817664630584
6.063877116024368,3.393720970272275
6.092264812717321,3.3826897063353494
6.120621706827459,3.371665582639319
6.148987535347615,3.3606317919619224
6.177372445099953,3.3495990909893756
6.205724079246718,3.338572561182985
6.234093557647589,3.327537893331632
6.262462848132308,3.3165028644377963
6.290670129291462,3.3054709952909436
6.318649068179303,3.294328902542867
6.346594132917962,3.282723865812443
6.37434978582832,3.2700436459164246
6.401465992950748,3.256452149000217
6.428362211939927,3.2415819611097403
6.454968353118081,3.2255221635040607
6.480901352849924,3.208276706765879
6.5059885118843095,3.1897062173266417
6.530334030060271,3.16995341530194
6.553754309084244,3.1491025010560687
6.576184255105377,3.127226708344761
6.597994378298991,3.1053477723861396
6.619040159955858,3.083164639897324
6.639153513715877,3.060436546714868
6.658656793897079,3.0371045879719865
6.678189374548711,3.013753655787048
6.697710413144972,2.990400802288336
6.717230362139066,2.967048687171888
6.73669790240876,2.9437719757713934
6.756211716054573,2.920424553731887
6.775734363023411,2.8970703128771373
6.795262474124482,2.8737085239658513
6.814755619010983,2.850395725409885
6.8342802349773635,2.8270313289911866
6.853807113751365,2.8036670472327767
6.873627396722137,2.780140111832582
6.892954429711251,2.7567220410470887
6.911337427767074,2.732764788800273
6.928980678316718,2.707816619990398
6.945983405877838,2.6817439784089685
6.961683398391573,2.654715147009725
6.975953868276454,2.6277024059489116
6.9887503188506495,2.6004352562708766
7.0005526730891345,2.572715522548172
7.011118410656958,2.544460955513364
7.020662701696897,2.515535200198691
7.029987324294425,2.485977743294851
7.0382148790533625,2.455928413834083
7.0453242177096325,2.425362631847038
7.05176134926573,2.3950562410229934
7.057964725973694,2.3652159853436534
7.064161395594485,2.335401692686686
7.070359025539907,2.305588442532536
7.076558288685788,2.275803154099668
7.082752583245964,2.246023019318204
7.088967056232753,2.216215024275088
7.095179915918643,2.1864405252065637
7.101395018053835,2.1566403256759665
7.107616750110399,2.126852623558241
7.113848493289145,2.0970580091240656
7.12007599203597,2.067246600523321
7.126048266502494,2.0377353856138267
7.132046581009114,2.0084569156857324
7.137765797112347,1.978809078635081
7.142704935052026,1.9483906082005258
7.146743264989861,1.9176365073099748
7.149435580876508,1.8868805275874927
7.151076750471863,1.8558603193630479
7.152087285496218,1.8248249430981667
7.152886926622544,1.7943237238914047
7.153682794248708,1.7639016318476695
7.154470437795872,1.7334894781014767
7.155265156299073,1.70317566555832
7.156049090897408,1.6727645086137244
7.15682598632265,1.6424370720042252
7.157615807353414,1.6119896619641367
7.158398774727785,1.5815909123932137
7.159178703849579,1.551141566087847
7.159951088464917,1.5209380245485324
7.160950816167463,1.490957288010695
7.162615747773532,1.461549190518101
7.165351232561862,1.4320257674572057
7.168668672643168,1.4032300656225434
7.1724998583231585,1.374135707453861
7.176688802961378,1.3443877908088018
7.180965489636583,1.3142844090715622
7.185232271324864,1.2841725391876135
7.189505060962097,1.2540337613108627
7.193762470585782,1.2239659267822927
7.198022020761306,1.1937972121496856
7.202283365750963,1.1636618585089389
7.206541412731405,1.1335335899923726
7.210781542082597,1.1034459944266537
7.215037635617246,1.0732972649068815
7.219285771725663,1.0431675615124105
7.223524614398008,1.0130711529170322
7.228064244711382,0.9824261869036388
7.232159941485722,0.9515825021582246
7.235440361202343,0.9208137827881565
7.237855721449869,0.8899686433156412
7.239656984840641,0.859045995021856
7.2412227463225625,0.828579612498308
7.242771504118856,0.7981974941010906
7.24433020867908,0.7678028466723829
7.245882770760742,0.7375444005242691
7.247439221332622,0.7072324748477078
7.248994906212273,0.6768372201555838
7.2505460615924635,0.6464722070142833
7.252092899297447,0.6161141617046567
7.253641965645613,0.5857207999252934
7.255185371908204,0.5553481345357103
7.256728561382344,0.5249567315423307
7.25826561007911,0.4946683375892887
7.2597626077257695,0.465188620623685
7.2614110207796845,0.43615554672642004
7.263766229445932,0.4071042108653103
7.2671054925059355,0.37760741127710384
7.271534473744324,0.3474314032006909
7.277213913576249,0.31655324402753693
7.284090416081868,0.28627605238943177
7.292369607839036,0.25631482695323093
7.301825819143147,0.22667209685313708
7.312179722696425,0.19732420187036778
7.324207141157916,0.1686702943473456
7.337530548479078,0.14032743911279355
7.351240778150554,0.11289970315736633
7.365311088762322,0.08616358321428415
7.380541176206141,0.06019908267548718
7.396179633304811,0.034157607050756426
7.41186830558717,0.008039978394668851
7.427545265916494,-0.018058611408843787
7.443144037794771,-0.04396278185686321
7.458838277452253,-0.07008463309858325
7.4745117664444205,-0.09618281711748596
7.490172435518851,-0.12225705458191383
7.50585681420124,-0.14836803038232982
7.521495458318454,-0.1744617335701448
7.5371046812775155,-0.20061344272147275
7.552184227521008,-0.2271724796803247
7.566640178921225,-0.2546019527392031
7.5799594760668105,-0.28290327977598434
7.592037045219647,-0.31115390718012964
7.602632217359114,-0.3391976390783229
7.611463814636627,-0.3676798818856454
7.619293094325397,-0.39710041495555065
7.626207866332732,-0.4274296228826004
7.631534572418209,-0.45756873690579425
7.63548193312778,-0.48673443927085436
7.638383528826671,-0.5155414117994455
7.6395590911035045,-0.5449698096733827
7.6395117485292925,-0.5745035969926193
7.638453277354476,-0.6038576404019166
7.636571985966537,-0.633140302345317
7.634387812272159,-0.6630410429317407
7.632082293169417,-0.6933707926328692
7.629868339123975,-0.7233864769625952
7.627914570407695,-0.753421884449596
7.626640247165864,-0.78252012143418
7.626200756064604,-0.8125939828738269
7.626986545377766,-0.843235383664806
7.629020102034367,-0.8734697964747217
7.631598217640548,-0.9031533916132466
7.634908840853412,-0.9326412543420937
7.6384871794364555,-0.9627851138192324
7.642074815330196,-0.9929874384801841
7.645661954069116,-1.0232003527724236
7.649229664407269,-1.0532121101976546
7.652790269607914,-1.0830628222181247
7.6563816492015135,-1.1133021263007004
7.659965351217437,-1.1435095791652716
7.663540962732896,-1.1737245879914187
7.667123765333725,-1.2039471379270676
7.670708698647834,-1.2341621860717065
7.674284325810603,-1.264359906916586
7.677861554395147,-1.2945606555485363
7.68144042097859,-1.3248141414278836
7.685006319307037,-1.3548447734906341
7.688591131352737,-1.3849806001909901
7.692177375029731,-1.415204660168719
7.69577516916755,-1.4454387399609843
7.699362904408722,-1.4756680423577608
7.702778268592226,-1.5054815632084957
7.7061732169823305,-1.5356853039892875
7.709012101519953,-1.5661247929738327
7.710712870528101,-1.596986030571158
7.711221377551887,-1.6283563697866625
7.710342727562943,-1.6597492077026859
7.708248312887352,-1.6909150072572197
7.705206051399434,-1.721332855585065
7.7013594433129695,-1.7511193343027556
7.696770053265853,-1.7803621639722775
7.692140731768932,-1.8091487966178714
7.687493890119109,-1.8373757751402446
7.6832367181459285,-1.8658182138681334
7.679728684573085,-1.8949994901157583
7.677073637462078,-1.9249951092743949
7.675508500817155,-1.9553792339863074
7.67519464309768,-1.985484670376201
7.675788258185314,-2.0155164116059594
7.676987599199677,-2.0454964639705837
7.678316629882607,-2.0758536019378093
7.67965199711546,-2.106187934820013
7.680971668335319,-2.1365675515171985
7.68229345633318,-2.1669786877774095
7.6836237175888025,-2.197375917114867
7.684953526830606,-2.2277670085288426
7.686276182459515,-2.25814602030323
7.687597564112498,-2.2885499969577863
7.688899897962413,-2.3187190736934666
7.690199478392559,-2.3491288362945437
7.691507241214164,-2.3795434500871426
7.692805551554002,-2.409913247046829
7.694101567799609,-2.440324549579824
7.695405246482247,-2.4707222789949745
7.696730066131778,-2.5011756534993648
7.697860099181138,-2.5317395905983093
7.698332471199915,-2.5626658019434854
7.6980814518277585,-2.5932652531392617
7.6965574012464435,-2.6237932980803027
7.693555930586464,-2.654939955667705
7.689517909382926,-2.6859365345870243
7.683913668623084,-2.7167165723500397
7.6770888296142825,-2.747279797594598
7.668815929021613,-2.7775150991017816
7.659127892747744,-2.8073491976501814
7.648093318553944,-2.836724318154319
7.635896865013353,-2.8652886829661908
7.622381240837642,-2.893451133901874
7.607307168806179,-2.920952844284759
7.591417452385098,-2.9476435591461176
7.574359961024752,-2.9738633107428596
7.556188022419161,-2.9992970751762242
7.536924798764721,-3.0238308714936513
7.516741766186385,-3.0474746975409994
7.496004033364082,-3.069463849637035
7.474144213429747,-3.090979755191537
7.450703595964322,-3.111624644153055
7.427110100682113,-3.1314073603909938
7.403051475138451,-3.1492779669142474
7.378055265982201,-3.1664129886932324
7.351586096627552,-3.1827576262030353
7.324788749861597,-3.197945194140096
7.2974112587686175,-3.211448713299312
7.269185775073461,-3.22379791138298
7.2399408243421846,-3.2348701755531923
7.210159321897136,-3.2445861986378604
7.180137596722241,-3.252947295725727
7.149882002454107,-3.2605272453969003
7.11983907889559,-3.266432703082014
7.090372874497829,-3.2708677649409332
7.060098505669808,-3.2738158806655964
7.030114093164344,-3.275350069046651
7.000090050119522,-3.275587863428103
6.968996824606891,-3.2744534088079695
6.937784262407651,-3.2718970735006434
6.907548092952546,-3.268672404534389
6.877009398739125,-3.2638354065291746
6.847399055521056,-3.258291171158738
6.818416917038695,-3.252001388297794
6.790266998955651,-3.2442580674698505
6.761708087963991,-3.2360967062607
6.732929788354081,-3.2279632269636735
6.703928052294428,-3.2195479421236715
6.674345744353465,-3.2112295854436455
6.64396651268346,-3.2036986640011307
6.613411285830757,-3.1974493300607056
6.583257972476407,-3.1924381817768293
6.5533574357245215,-3.18925119243275
6.522661677944043,-3.187452597821439
6.492058918167358,-3.18696096234898
6.462183274568537,-3.187590090858053
6.432609830341394,-3.189676262411065
6.402755323695762,-3.1930116188988302
6.37219833450585,-3.1980380332475216
6.342056572036104,-3.204397246371158
6.312839452944246,-3.211890025079308
6.283513317918323,-3.2209679885530096
6.2540251946235585,-3.2315122571727426
6.2250604704353565,-3.2426761588218196
6.19742493694385,-3.2549284539191747
6.170606804950378,-3.268365040244443
6.143803220067029,-3.283403952257202
6.118317418230392,-3.2992503555825343
6.093788698656683,-3.316251411166209
6.070199946595349,-3.3340759707019387
6.046672601308273,-3.3533905371636985
6.023552424537595,-3.3745252044386755
6.001143486083047,-3.396348334095879
5.979974110491901,-3.4185724269326183
5.960300798754746,-3.4415110916040113
5.941860190750812,-3.465340611185626
5.924514103595413,-3.489911094219085
5.908039870252701,-3.515116340511221
5.892726811000576,-3.5408625430894882
5.8779479740420975,-3.567981749497228
5.8641308883272005,-3.5955585414260534
5.852077808136095,-3.6232934628525406
5.841110921754552,-3.6514672728480932
5.831333947875627,-3.680024346430577
5.822720007085497,-3.708992212229472
5.815304339118417,-3.7381958287473953
5.809107611662052,-3.7676040655406022
5.804073528707392,-3.7970871909147195
5.799969624844877,-3.827289309060695
5.79720282521975,-3.8582020137422948
5.795904823743792,-3.8887655785774617
5.795870721227383,-3.9191245655213685
5.797093483309738,-3.9493029288412376
5.799540161141181,-3.9794374310733334
5.803127497066635,-4.010023778680272
5.808066754650024,-4.040870364267949
5.814328654274465,-4.071429995697479
5.822094752770737,-4.101799806119449
5.8311182650271665,-4.13182372126985
5.8413304162860795,-4.1608480814127695
5.852659039150784,-4.189067013952515
5.865298766502763,-4.217367317341648
5.878948889433358,-4.245343937086609
5.893994667898636,-4.272418341456292
5.910395897157633,-4.2990631493894735
5.927978625780037,-4.324976091410258
5.9463498454487365,-4.350003552546089
5.965873150889623,-4.374004875947143
5.986225154928367,-4.396894048183863
6.00768633791117,-4.419520315500208
6.030092234740869,-4.440896997562144
6.053310147037765,-4.461441226770043
6.077625406752244,-4.480813447616951
6.102953453940882,-4.499183971610374
6.128907710865136,-4.516264284708516
6.155447137562612,-4.532191083214307
6.182708778191738,-4.547220184759724
6.210555766388083,-4.561018931230238
6.238966811228077,-4.5734519872699035
6.268119355706167,-4.584660982774307
6.297782811654013,-4.594447421707617
6.327870459970127,-4.602832290687684
6.358308780992783,-4.609831776658053
6.3889519717803624,-4.615700408344503
6.419757129378492,-4.619969232306625
6.450759905909545,-4.623009684406533
6.481947788783056,-4.624638793264592
6.513230469028968,-4.624831543792244
6.544521285472681,-4.623544060338026
6.575755127394593,-4.620771059571419
6.606856521350887,-4.616546387868012
6.637640857388479,-4.610884717342026
6.668156847860691,-4.604013698949966
6.697808408743065,-4.596288465511304
6.7263363439480806,-4.588002956563764
6.754290566654424,-4.578615475321961
6.781781299388862,-4.56814787313983
6.809860239046487,-4.5572711496053
6.838220481992905,-4.546253781594399
6.86635666658457,-4.535287894349695
6.894736483374671,-4.524259445600855
6.923122616888012,-4.513224217362141
6.951475488989147,-4.502199503369038
6.9798774434277835,-4.491162706287458
7.008225076820759,-4.48014346692994
7.036660552169828,-4.46892615259616
7.064967412711085,-4.457822355109605
7.0936872498095465,-4.447160483098138
7.122867888709535,-4.4373042611852895
7.15187511628262,-4.428150793219075
7.179702380042385,-4.420125741946005
7.206678528388705,-4.413984079321247
7.232744673070697,-4.409624213429505
7.257711983266307,-4.4069481631593
7.281282829311266,-4.405586819097023
7.303044602079248,-4.405052039202204
7.3228713764362166,-4.404848486209783
7.340656021540523,-4.404815065819061
7.356542007544376,-4.404773117214103
7.370464407821287,-4.404833732675865
7.382415000603378,-4.404783288339295
7.392414426355206,-4.40482202103508
7.400533908825039,-4.40475482892806
7.406778548843268,-4.4047989945019195
7.4112923872649015,-4.404701130730115
7.414034602327515,-4.404853298525427
7.415378073122172,-4.4049698938249975
7.416094393498557,-4.405382135939322
7.416707965431621,-4.4055518807589955
7.417222341778837,-4.405824349745104
7.417325712210433,-4.405696506151445
7.417126864834119,-4.405711275866494
7.4165822287339775,-4.4052021869211595
7.4163108909713005,-4.405123922988925
7.415832172763583,-4.404603710528322
7.416208656518252,-4.405058025904738
7.4164647715615635,-4.405183181403244
7.4170179992047425,-4.405810504087876
7.417171195712836,-4.40590797103727
7.417242024130016,-4.406058627751068
7.417261787992981,-4.406043665266201
7.417377216799594,-4.406298632768913
7.417394329452796,-4.406297274386717
7.417733743323197,-4.406960167063407
7.4176897696657305,-4.407184598508723
7.417634545288739,-4.40713409069065
7.417334454536274,-4.406475641752038
7.41714036641185,-4.405956741396079
7.416919295688748,-4.405130670506647
7.41709533933387,-4.405057411863021
7.417030015033144,-4.404906458181997
7.417088745212588,-4.404925360775843
7.416986032117468,-4.404402638600652
7.416993888632008,-4.403979219793411
7.4169739310732306,-4.403776408593353
7.416987969085017,-4.404234116959441
7.4169674501836855,-4.404343901245291
7.416974103281689,-4.403977410720274
7.417017808175241,-4.40343390536688
7.417150296784195,-4.40283723210922
7.417283941733562,-4.4021130595308895
7.417474146007496,-4.401497483457475
7.417534142054456,-4.401175962640972
7.417598615173528,-4.401221049040393
7.417694716419967,-4.401040737340034
7.417912888980495,-4.400608814168855
7.418027749277399,-4.400265479905812
7.418260092706369,-4.399967019836881
7.417865030567354,-4.400433855528069
7.417892494228113,-4.400550669765906
7.41798288999085,-4.400213876029857
7.418392435524551,-4.399827784456641
7.417974794028691,-4.400102479498035
7.41792163907706,-4.400341591158704
7.417300759730857,-4.400763925855536
7.4156543514482465,-4.401780429483698
7.41366232574168,-4.4020732141497465
7.410834383771456,-4.402923381523831
7.406614271384091,-4.405815315099814
7.4016133776487285,-4.409932068842015
7.3955521224028375,-4.415499524882701
7.388238877024032,-4.422503858144345
7.380280073735454,-4.4301669773087635
7.370956484415501,-4.439053233052705
7.360308043847983,-4.44876182692253
7.34835223216689,-4.458881511056477
7.3345548104185445,-4.46935552580067
7.318869630015022,-4.479572978957239
7.3020724986970125,-4.489218976114521
7.283484294673196,-4.497962612421069
7.263348304701319,-4.505790858036445
7.241902270691448,-4.51278008889172
7.219645967899398,-4.518519916176716
7.195988896975769,-4.522913601203931
7.171042616703972,-4.525890614804591
7.144957254402309,-4.527462976116364
7.1182617282132545,-4.527898197877003
7.090165579780633,-4.527069548664209
7.061164820396596,-4.525350332354623
7.032899486164269,-4.523557919901787
7.006355653160586,-4.522522212165794
6.981868129576261,-4.521938084555343
6.959226345136593,-4.521715348626549
6.938749983537155,-4.521522957666712
6.920149769855397,-4.521454966656754
6.903661377433818,-4.521320502829223
6.888968728656112,-4.5212924273537185
6.876390386730456,-4.521230746937003
6.86561299159101,-4.521314728740072
6.856825915721086,-4.521222782337459
6.849940621652125,-4.520978513544905
6.843405458625988,-4.5195004017525875
6.8373235668455274,-4.517129568697686
6.830500115726336,-4.5134773500532415
6.822503701666082,-4.508244364909117
6.813271778750604,-4.501471496045828
6.803134303784222,-4.493422536403437
6.792180338203798,-4.484227968375313
6.78002116870092,-4.473525127663249
6.766687356221541,-4.461328849322758
6.752591165360528,-4.447876814689665
6.73817456736396,-4.4334937111752275
6.7230502143384365,-4.417264731855013
6.708030385159722,-4.40104930783371
0.0002918966140334996,3.470118217633841e-21
0.0005886286722834613,6.669843509225794e-21
0.0008899821544456495,6.795649254878388e-21
0.0011957257406585249,-5.2880374571849124e-21
0.001505609889450884,-1.85327806105998e-20
0.001819366388049992,-1.8577708182070928e-20
0.0021367079927425516,-1.0665958477886647e-20
0.004540651199607019,1.4768917729982646e-16
0.012243181901182603,-1.2315809403924364e-07
0.02063272750359562,-2.7305897437981394e-07
0.028453292143330474,-4.1669329367994986e-07
0.035696540975108534,-5.541721281458005e-07
0.04236035142283798,-6.856484864397962e-07
0.04844730798439755,-8.111898467453441e-07
0.056030969111420394,-8.095318415368828e-07
0.06397549706337918,-7.684676496866519e-07
0.07182647366881385,-7.172056355542901e-07
0.08179441407700332,1.4436861262558215e-05
0.09373758587669366,2.7821687792532507e-06
0.10765072277092401,-1.280735920101913e-05
0.1235324142875814,-3.6416005497595914e-05
0.14097827302832797,-7.948669723319156e-05
0.15974488874183088,-7.1022661315037e-05
0.17986270406860425,-4.10433796060281e-05
0.20194255619689683,-2.4330397009078084e-05
0.22616810261618067,-5.152599305369034e-05
0.25072766138220515,-5.430792722963709e-05
0.2766337338692792,-0.00015014679276923116
0.3035482349017887,-0.0005295725192432178
0.33222341789459525,-0.0014096534374680098
0.361466060700663,-0.002667175613477691
0.39139742506047487,-0.0041222226421211506
0.42124209631425413,-0.005599310130376137
0.45067244331568285,-0.00734046742275842
0.4796314639844498,-0.009816994868498324
0.5089111520521158,-0.013334851447712617
0.5381133567969881,-0.018019352397837883
0.5671149747960044,-0.02391888609547319
0.5968728966395617,-0.031184978511291747
0.6267647305076975,-0.03979367818387004
0.6556942211904807,-0.04932636300411339
0.6840607311690996,-0.06019223568673278
0.7119050829271967,-0.07223474810692809
0.7391841155101393,-0.08476882891453051
0.7658577384701344,-0.09779087082866048
0.7920501087240814,-0.11185789536720557
0.818363209119214,-0.12643259812630256
0.8449977487350865,-0.14115084834718164
0.8716413955882728,-0.15587178419653452
0.8982741215677792,-0.17058996663727624
0.9248043101664674,-0.18525494950078603
0.9514393322017042,-0.19997909717654563
0.9780624435409591,-0.21470743269080392
1.0046988639945587,-0.22942895633883212
1.0313225472265464,-0.244154755603287
1.0578917589098509,-0.2588563814156113
1.084537216456587,-0.2735965224671968
1.1111610119961275,-0.2883263934347048
1.1377598144361418,-0.30304897803259256
1.1644058613155606,-0.3177944497449893
1.1910326646418419,-0.33254791759639446
1.2175193762101975,-0.3474169028950505
1.2437536643330105,-0.36282010041142393
1.2695177433288187,-0.37940847968357955
1.295068099162456,-0.3973424874742119
1.3198639325069563,-0.41652569382944044
1.3441238954813624,-0.4363393781206917
1.3675553250605434,-0.4563124327761881
1.3900565024753857,-0.4770547422278037
1.4118428796209783,-0.49793234546352605
1.4338054942259066,-0.5190249113738942
1.4557600650376117,-0.54010329013458
1.4777094610141321,-0.5611778627689691
1.4996872358374873,-0.582271560758578
1.5216303262670379,-0.6033344995405259
1.5436018282729587,-0.6244181040399244
1.565562698706355,-0.6454914395109596
1.5874230102232672,-0.6664600072496633
1.6093190097111336,-0.6875109959154564
1.631264181166422,-0.7086117605558938
1.6531967384789232,-0.729696861921775
1.675160781054294,-0.7508086581880624
1.697110249991118,-0.7719017091994075
1.7190490263910037,-0.7929867744511645
1.7410123230693935,-0.8140872040916589
1.7629028337616843,-0.8351171051201394
1.7847431350098115,-0.8561282838015927
1.8066778983215064,-0.87724685858498
1.8285929073562928,-0.8983458233803083
1.8505458138259978,-0.919475147428157
1.8724837644318402,-0.9405908330295986
1.894408400863485,-0.9616891127533909
1.9163593654117603,-0.9828099957022272
1.9382906825555934,-1.0039069519619486
1.9600976687496172,-1.0249049618870547
1.982029739866435,-1.0460488590101207
2.00393040514464,-1.067164408533211
2.0258605868612922,-1.0883022341838142
2.0477853695644694,-1.1094346609339227
2.0696862087397414,-1.1305429357760108
2.091623969445989,-1.1516805913264272
2.113502590361481,-1.1727670560754424
2.1352462419879585,-1.1937151055033202
2.157177303679097,-1.214858822861328
2.179154177570984,-1.2360667228314035
2.2012081250456577,-1.25753972196693
2.222804597350329,-1.2797270615843388
2.2436118112052728,-1.3030363368972018
2.263350148223222,-1.3273279352311618
2.2819093319902795,-1.352514402093375
2.2997565434184684,-1.3779741812668744
2.3169304638734043,-1.403700216889526
2.3332119919655527,-1.4292521423319036
2.3484965823357595,-1.4555454972524526
2.363302634824159,-1.4820961047168701
2.378106152695645,-1.5086551630678966
2.3929235738700276,-1.5352126303444746
2.4077483509776045,-1.5617983275553156
2.4225244169194835,-1.588264641368129
2.4373110243853304,-1.6147722968343374
2.4521319323137187,-1.6413466256626255
2.466973860510808,-1.6679373490078517
2.482051610469188,-1.6947927506934244
2.497428770361453,-1.7217299073768697
2.513218463694233,-1.7482903101940763
2.5290042444777474,-1.7739814216712295
2.545412090549049,-1.7995866801535978
2.561845373480056,-1.8252170487150507
2.5782950785865704,-1.850814186535889
2.595007330361483,-1.8766326447349584
2.612255439173275,-1.9022672252895532
2.6297877789944035,-1.9272766570233668
2.6476588380789576,-1.9516475174863896
2.6666368070314572,-1.975306799060172
2.6856947092305825,-1.9987806634897516
2.7048610958109336,-2.022440079195263
2.724028158060187,-2.0460906845778557
2.7432054503836185,-2.069762661469315
2.7623849949217267,-2.09343363651991
2.7815360202925508,-2.1170690639098964
2.8007124728114046,-2.140726555306569
2.8198820817218437,-2.164375630201125
2.838940661296914,-2.1878721032035067
2.858054621906821,-2.211484119618426
2.8772154097086418,-2.2351530089085587
2.8963621523771113,-2.258797564130691
2.91552297423738,-2.2824685671875073
2.9346864855668713,-2.306137563804296
2.953826049294741,-2.3297744367555477
2.972991552406703,-2.3534543133106456
2.992124498403751,-2.3770879314836657
3.011243342926835,-2.400712856606793
3.0303983364675218,-2.4243872436586718
3.0495377922705726,-2.4480370528569044
3.0686871474614237,-2.471698945045931
3.0878405681885863,-2.4953677931794798
3.106980334183458,-2.519016999525951
3.1261331052402213,-2.542676093106097
3.1452537100030926,-2.566274060814768
3.164304010722259,-2.5897989876583885
3.183470043862001,-2.6134912437841686
3.2026023560174752,-2.637141875446708
3.221755647255408,-2.6608064793843793
3.2408914879508273,-2.684466937979485
3.2600268626237003,-2.7081220265464876
3.279129618441221,-2.731732437467348
3.298255601538121,-2.7553961394035924
3.31732141103916,-2.7789870115088333
3.3364506254491593,-2.802693643396529
3.3555819831133156,-2.8263950871677035
3.374496453431441,-2.8497464066823333
3.3933497919583866,-2.872871195216075
3.4128710416366603,-2.8953709455679184
3.4335440333469016,-2.9172555835937657
3.4550602928728145,-2.9382659604627746
3.4771930671866875,-2.9588180281982233
3.4996765790143223,-2.9789064495535538
3.5224002057331827,-2.998279948435245
3.5459687467997316,-3.017452215823352
3.569601543664387,-3.03664304745321
3.5931586340859427,-3.0557715521154942
3.6168006948808213,-3.0749700166302283
3.640408486806368,-3.094146671277388
3.6640475823207614,-3.1133440390146814
3.68766958743798,-3.1325355719127286
3.7112921458091948,-3.151726963602027
3.7345524633221214,-3.170539724134713
3.7577146388769656,-3.189135702066346
3.781514369989261,-3.207498551735804
3.8067176972710524,-3.225340946615693
3.8321042463754384,-3.241766386925657
3.8579444910331873,-3.256934594412204
3.8844877264331505,-3.271014793512896
3.911106648360915,-3.2843023552012927
3.9381818688844357,-3.2971290271133418
3.9658173101975227,-3.309139011227313
3.9939824148800644,-3.3205766613300356
4.022180194667217,-3.3322999118323193
4.050461545847277,-3.3440105690295994
4.079376131559925,-3.3554694292715452
4.10844269485364,-3.364978929910852
